Date,PM10
2015-01-01,11.452702173913043
2015-01-02,8.543346666666666
2015-01-03,6.1216550000000005
2015-01-04,10.087734583333333
2015-01-05,6.955855
2015-01-06,10.10784875
2015-01-07,16.190852083333333
2015-01-08,15.085183749999999
2015-01-09,7.148003333333334
2015-01-10,10.910145416666666
2015-01-11,10.10711
2015-01-12,7.42075375
2015-01-13,7.015147916666667
2015-01-14,8.302559166666667
2015-01-15,11.329767916666666
2015-01-16,14.196951666666665
2015-01-17,19.545517083333333
2015-01-18,14.897886666666666
2015-01-19,19.564277916666665
2015-01-20,8.87970125
2015-01-21,31.804445416666667
2015-01-22,31.6917875
2015-01-23,13.42799125
2015-01-24,12.549306666666666
2015-01-25,21.520938333333334
2015-01-26,8.113405416666668
2015-01-27,26.129412916666666
2015-01-28,4.175936666666667
2015-01-29,9.147199166666667
2015-01-30,10.819611250000001
2015-01-31,10.6191175
2015-02-01,11.686415833333333
2015-02-02,13.6376175
2015-02-03,17.015455
2015-02-04,26.136892916666667
2015-02-05,30.691320833333336
2015-02-06,14.312319166666667
2015-02-07,3.02073875
2015-02-08,10.9942675
2015-02-09,7.5310154166666665
2015-02-10,8.452433333333333
2015-02-11,7.519689166666667
2015-02-12,11.488282499999999
2015-02-13,32.266641666666665
2015-02-14,36.623675
2015-02-15,32.31055416666667
2015-02-16,24.261055
2015-02-17,22.053414166666666
2015-02-18,18.734859166666666
2015-02-19,6.082507916666667
2015-02-20,22.336678333333335
2015-02-21,32.87196291666667
2015-02-22,16.4127125
2015-02-23,23.245820833333337
2015-02-24,34.670265416666666
2015-02-25,63.318104166666664
2015-02-26,18.240565
2015-02-27,26.135070416666668
2015-02-28,80.62794583333333
2015-03-01,17.422635833333334
2015-03-02,7.291929166666667
2015-03-03,10.377069166666667
2015-03-04,15.598733333333334
2015-03-05,9.318776666666666
2015-03-06,14.737348333333331
2015-03-07,5.158112916666666
2015-03-08,10.059127083333333
2015-03-09,17.951996666666666
2015-03-10,33.8639
2015-03-11,18.136554166666667
2015-03-12,7.874394166666666
2015-03-13,5.8511500000000005
2015-03-14,16.774342916666665
2015-03-15,13.540469166666666
2015-03-16,31.671751666666665
2015-03-17,22.378242916666668
2015-03-18,22.721216666666667
2015-03-19,40.438977083333334
2015-03-20,49.19889916666667
2015-03-21,10.435134583333333
2015-03-22,9.1869325
2015-03-23,10.372101666666667
2015-03-24,58.37928333333334
2015-03-25,17.80216875
2015-03-26,53.946653043478264
2015-03-27,24.521694166666666
2015-03-28,12.292537916666667
2015-03-29,10.109510833333333
2015-03-30,7.49886625
2015-03-31,7.6320741666666665
2015-04-01,9.947362916666666
2015-04-02,10.404473333333334
2015-04-03,5.9401325
2015-04-04,6.566937916666666
2015-04-05,5.556414166666666
2015-04-06,7.221246666666667
2015-04-07,6.01617625
2015-04-08,18.413300833333334
2015-04-09,15.898295416666668
2015-04-10,23.31930416666667
2015-04-11,53.23013291666666
2015-04-12,16.085048333333333
2015-04-13,12.50829875
2015-04-14,8.34075375
2015-04-15,5.339909166666668
2015-04-16,10.867474166666666
2015-04-17,11.508787916666668
2015-04-18,7.755430416666667
2015-04-19,6.595394583333333
2015-04-20,28.018985416666666
2015-04-21,13.7616775
2015-04-22,14.286550833333331
2015-04-23,19.181942083333336
2015-04-24,11.088148333333335
2015-04-25,23.04359666666667
2015-04-26,19.84486875
2015-04-27,16.18537375
2015-04-28,10.0848425
2015-04-29,10.511337083333332
2015-04-30,18.672183333333333
2015-05-01,8.75520125
2015-05-02,9.12876125
2015-05-03,5.35860625
2015-05-04,15.29886125
2015-05-05,19.132762500000002
2015-05-06,15.594693333333334
2015-05-07,17.66474875
2015-05-08,10.014270416666667
2015-05-09,12.333041666666666
2015-05-10,11.09597375
2015-05-11,5.9834249999999995
2015-05-12,19.797866666666668
2015-05-13,9.338695416666667
2015-05-14,8.057097916666667
2015-05-15,10.702400833333334
2015-05-16,8.39803125
2015-05-17,12.005426666666667
2015-05-18,4.622376249999999
2015-05-19,14.7228075
2015-05-20,10.175214166666667
2015-05-21,11.102421249999999
2015-05-22,9.82887375
2015-05-23,14.771484166666667
2015-05-24,8.431726666666666
2015-05-25,13.935352083333333
2015-05-26,13.363407916666667
2015-05-27,7.6936975
2015-05-28,14.351745000000001
2015-05-29,11.619068749999999
2015-05-30,19.586249583333334
2015-05-31,9.145370833333333
2015-06-01,16.1382875
2015-06-02,11.2991575
2015-06-03,18.301872499999998
2015-06-04,11.150662083333332
2015-06-05,7.860317916666666
2015-06-06,24.996534166666667
2015-06-07,9.805945416666667
2015-06-08,10.63338875
2015-06-09,9.209742499999999
2015-06-10,5.334575454545455
2015-06-11,14.576929166666666
2015-06-12,45.38761625
2015-06-13,14.061096666666666
2015-06-14,15.913592083333333
2015-06-15,10.458749166666667
2015-06-16,10.55372625
2015-06-17,11.868926250000001
2015-06-18,13.56199375
2015-06-19,6.836360416666667
2015-06-20,7.13373375
2015-06-21,9.677718333333333
2015-06-22,9.358312916666668
2015-06-23,6.169182500000001
2015-06-24,10.860758333333335
2015-06-25,10.16654375
2015-06-26,7.888587083333333
2015-06-27,9.238790625
2015-06-28,8.661846428571428
2015-06-29,8.535702916666667
2015-06-30,11.784740416666667
2015-07-01,8.336187777777777
2015-07-02,7.941645
2015-07-03,17.432000833333333
2015-07-04,37.283635833333335
2015-07-05,42.96975333333333
2015-07-06,31.04100166666667
2015-07-07,9.886579583333333
2015-07-08,14.154310833333334
2015-07-09,10.188922916666668
2015-07-10,10.310353333333333
2015-07-11,8.637726666666667
2015-07-12,6.809249166666667
2015-07-13,12.595212916666668
2015-07-14,7.81262375
2015-07-15,8.346775
2015-07-16,10.625055833333333
2015-07-17,7.705986666666667
2015-07-18,12.915899166666668
2015-07-19,8.607506666666668
2015-07-20,7.361435416666667
2015-07-21,13.782147916666666
2015-07-22,11.492612083333334
2015-07-23,10.5936
2015-07-24,10.300332
2015-07-27,18.74536923076923
2015-07-28,14.017450416666668
2015-07-29,8.897069166666666
2015-07-30,9.023888333333334
2015-07-31,7.576215416666667
2015-08-01,9.917753750000001
2015-08-02,20.579950416666666
2015-08-03,22.94569375
2015-08-04,16.37077916666667
2015-08-05,35.84852791666667
2015-08-06,11.41694125
2015-08-07,31.11099541666667
2015-08-08,50.810004166666666
2015-08-09,10.861405416666665
2015-08-10,11.42420625
2015-08-11,18.88800875
2015-08-12,19.62224625
2015-08-13,8.637420833333334
2015-08-14,11.688384166666667
2015-08-15,18.704074583333334
2015-08-16,18.5926
2015-08-17,19.390386250000002
2015-08-18,16.986082083333333
2015-08-19,20.18381666666667
2015-08-20,24.45336958333333
2015-08-21,20.87345125
2015-08-22,22.010930000000002
2015-08-23,18.52593375
2015-08-24,39.94501916666667
2015-08-25,32.376380000000005
2015-08-26,16.193702916666666
2015-08-27,32.85163541666667
2015-08-28,11.423393333333332
2015-08-29,15.07128
2015-08-30,23.6898025
2015-08-31,14.31268
2015-09-01,51.81247666666667
2015-09-02,9.0075225
2015-09-03,24.58720458333333
2015-09-04,18.162134583333334
2015-09-05,8.655497500000001
2015-09-06,6.164514583333333
2015-09-07,8.705369166666665
2015-09-08,7.3132504166666665
2015-09-09,7.595080416666666
2015-09-10,9.034604583333333
2015-09-11,14.109839583333333
2015-09-12,12.069414583333334
2015-09-13,13.8093675
2015-09-14,15.303966666666668
2015-09-15,26.08388125
2015-09-16,30.59884458333333
2015-09-17,31.270767083333336
2015-09-18,12.290476666666665
2015-09-19,17.100640416666668
2015-09-20,8.958222083333334
2015-09-21,4.986280416666667
2015-09-22,29.27839
2015-09-23,31.321942083333337
2015-09-24,29.654003333333335
2015-09-25,14.754374583333332
2015-09-26,7.3476358333333325
2015-09-27,7.016601666666666
2015-09-28,7.800252916666667
2015-09-29,5.981392916666667
2015-09-30,19.756414583333335
2015-10-01,13.633137083333333
2015-10-02,13.055356666666666
2015-10-03,17.12860375
2015-10-04,36.0892625
2015-10-05,21.228356666666667
2015-10-06,14.378122083333333
2015-10-07,14.185695
2015-10-08,20.497926666666668
2015-10-09,16.285725
2015-10-10,31.68442
2015-10-11,22.86094833333333
2015-10-12,12.186316249999999
2015-10-13,24.342365
2015-10-14,35.7762125
2015-10-15,31.209508333333332
2015-10-16,32.4554125
2015-10-17,37.78660416666667
2015-10-18,39.75932916666667
2015-10-19,31.368820833333334
2015-10-20,35.57168333333333
2015-10-21,16.04389875
2015-10-22,10.237603333333333
2015-10-23,13.979904583333335
2015-10-24,17.930775833333332
2015-10-25,19.370075652173913
2015-10-26,17.460890833333334
2015-10-27,52.325991666666674
2015-10-28,47.809427916666664
2015-10-29,25.51953
2015-10-30,51.342425
2015-10-31,44.262504166666666
2015-11-01,35.414948333333335
2015-11-02,13.348825833333335
2015-11-03,8.719122916666667
2015-11-04,29.58133652173913
2015-11-05,27.657996666666666
2015-11-06,39.84900833333334
2015-11-07,44.88805416666667
2015-11-08,14.936057499999999
2015-11-09,11.837830833333333
2015-11-10,4.777019583333334
2015-11-11,7.583753333333333
2015-11-12,8.184439166666666
2015-11-13,17.17806375
2015-11-14,8.558620416666667
2015-11-15,17.151847916666664
2015-11-16,16.971357916666665
2015-11-17,11.110366666666666
2015-11-18,10.993638333333335
2015-11-19,6.03396875
2015-11-20,5.27191875
2015-11-21,6.628979166666667
2015-11-22,11.420723333333333
2015-11-23,10.743228333333334
2015-11-24,13.865596666666667
2015-11-25,33.087266666666665
2015-11-26,42.43924166666667
2015-11-27,25.143189583333335
2015-11-28,30.4856625
2015-11-29,7.501074166666666
2015-11-30,8.539823333333333
2015-12-01,11.356129583333333
2015-12-02,13.336014166666667
2015-12-03,10.631935416666666
2015-12-04,20.875436666666666
2015-12-05,7.081430416666667
2015-12-06,6.370529166666667
2015-12-07,18.23894041666667
2015-12-08,34.057871666666664
2015-12-09,26.051304166666668
2015-12-10,18.7189025
2015-12-11,14.742385
2015-12-12,7.3923275
2015-12-13,18.709736666666668
2015-12-14,15.794995833333333
2015-12-15,44.17069583333333
2015-12-16,62.50692958333334
2015-12-17,17.095451666666666
2015-12-18,30.09586333333333
2015-12-19,11.297005416666666
2015-12-20,11.395480416666667
2015-12-21,13.406765416666666
2015-12-22,18.5905775
2015-12-23,8.155937916666668
2015-12-24,15.54948125
2015-12-25,9.153198333333334
2015-12-26,6.726030000000001
2015-12-27,6.7917741666666664
2015-12-28,11.8922325
2015-12-29,12.352881250000001
2015-12-30,15.6600175
2015-12-31,16.897502083333332
2016-01-01,32.4818
2016-01-02,10.47707875
2016-01-03,12.05960875
2016-01-04,16.027222916666666
2016-01-05,36.72303791666666
2016-01-06,53.16706666666666
2016-01-07,21.817555833333333
2016-01-08,24.869895833333334
2016-01-09,41.188610000000004
2016-01-10,13.527046666666665
2016-01-11,26.757825416666666
2016-01-12,15.747262083333334
2016-01-13,10.54404
2016-01-14,17.239617916666667
2016-01-15,38.831001666666666
2016-01-16,11.072713333333333
2016-01-17,11.5858075
2016-01-18,11.344094166666666
2016-01-19,12.09789625
2016-01-20,10.511214166666667
2016-01-21,9.895637500000001
2016-01-22,16.65551625
2016-01-23,55.81370833333333
2016-01-24,36.554462916666665
2016-01-25,14.112534583333334
2016-01-26,15.152643750000001
2016-01-27,12.294277916666667
2016-01-28,11.914274999999998
2016-01-29,10.081205652173912
2016-01-30,2.4888733333333333
2016-01-31,7.737721666666666
2016-02-01,6.757019166666667
2016-02-02,8.30143875
2016-02-03,10.057744166666668
2016-02-04,8.79357125
2016-02-05,15.197648333333333
2016-02-06,15.294834583333333
2016-02-07,18.781098333333333
2016-02-08,14.782230416666666
2016-02-09,12.022974166666666
2016-02-10,12.756367083333332
2016-02-11,18.995783749999998
2016-02-12,7.653686666666666
2016-02-13,26.92901541666667
2016-02-14,13.413395833333333
2016-02-15,12.326405000000001
2016-02-16,15.998096250000001
2016-02-17,22.97071916666667
2016-02-18,22.8961925
2016-02-19,15.466300833333333
2016-02-20,10.460009583333333
2016-02-21,7.049002916666667
2016-02-22,10.17785625
2016-02-23,9.499170416666667
2016-02-24,6.996487500000001
2016-02-25,7.8499325
2016-02-26,12.779807083333333
2016-02-27,28.812895
2016-02-28,29.329483333333332
2016-02-29,8.0489825
2016-03-01,7.023253333333333
2016-03-02,32.12672916666667
2016-03-03,30.760345833333332
2016-03-04,24.449725
2016-03-05,12.300035833333332
2016-03-06,16.38594541666667
2016-03-07,27.444943750000004
2016-03-08,24.84833875
2016-03-09,31.77422291666667
2016-03-10,16.556458333333335
2016-03-11,7.927622499999999
2016-03-12,6.221588333333333
2016-03-13,8.545075416666666
2016-03-14,4.80152375
2016-03-15,10.722214166666667
2016-03-16,14.599621666666666
2016-03-17,6.08494125
2016-03-18,8.0680725
2016-03-19,7.5177708333333335
2016-03-20,8.161412499999999
2016-03-21,7.437362916666667
2016-03-22,7.699649583333333
2016-03-23,44.704662500000005
2016-03-24,40.47015083333333
2016-03-25,26.891688333333335
2016-03-26,11.085994583333333
2016-03-27,17.676985
2016-03-28,31.649221666666666
2016-03-29,25.054730833333334
2016-03-30,10.1600375
2016-03-31,11.845895
2016-04-01,11.660368333333333
2016-04-02,21.480999166666667
2016-04-03,29.277469999999997
2016-04-04,43.55141333333333
2016-04-05,66.21985833333333
2016-04-06,18.945086666666665
2016-04-07,21.204200833333335
2016-04-08,24.626223749999998
2016-04-09,13.318374166666667
2016-04-10,6.842329583333334
2016-04-11,6.621565
2016-04-12,9.378342083333333
2016-04-13,15.54540375
2016-04-14,9.3430975
2016-04-15,14.067839999999999
2016-04-16,14.734037083333334
2016-04-17,11.269291666666668
2016-04-18,10.906059583333333
2016-04-19,11.101822499999999
2016-04-20,10.980680416666667
2016-04-21,30.65629625
2016-04-22,10.364778333333334
2016-04-23,6.939735833333334
2016-04-24,7.119825416666667
2016-04-25,11.041899166666667
2016-04-26,38.49326416666667
2016-04-27,22.034786666666665
2016-04-28,25.77554333333333
2016-04-29,24.644297499999997
2016-04-30,12.916447499999999
2016-05-01,8.60325375
2016-05-02,6.261420416666667
2016-05-03,8.461067916666666
2016-05-04,12.986775833333333
2016-05-05,10.32695125
2016-05-06,6.206280416666666
2016-05-07,11.813482083333334
2016-05-08,15.186603333333332
2016-05-09,16.696302083333332
2016-05-10,29.15919166666667
2016-05-11,15.951326666666667
2016-05-12,9.000566666666666
2016-05-13,7.8527941666666665
2016-05-14,9.674686666666666
2016-05-15,8.077342916666668
2016-05-16,5.202052916666667
2016-05-17,7.154822500000001
2016-05-18,11.138962083333332
2016-05-19,23.585370416666667
2016-05-20,26.19722708333333
2016-05-21,13.176372916666667
2016-05-22,16.744362499999998
2016-05-23,23.148016249999998
2016-05-24,21.778054583333333
2016-05-25,16.641565833333335
2016-05-26,7.863972916666667
2016-05-27,16.258972083333333
2016-05-28,13.826797916666665
2016-05-29,15.606632500000002
2016-05-30,17.087788333333332
2016-05-31,19.196683333333333
2016-06-01,21.279406666666667
2016-06-02,20.806208333333334
2016-06-03,18.59597666666667
2016-06-04,10.284335416666666
2016-06-05,7.51566625
2016-06-06,6.919608333333333
2016-06-07,12.004544166666667
2016-06-08,28.19349166666667
2016-06-09,8.501589583333333
2016-06-10,22.029139166666667
2016-06-11,7.095912916666666
2016-06-12,6.222612083333334
2016-06-13,7.9779025
2016-06-14,13.131848333333332
2016-06-15,25.6766025
2016-06-16,11.1719925
2016-06-17,11.776890416666667
2016-06-18,15.1875875
2016-06-19,14.590555416666668
2016-06-20,10.645259166666667
2016-06-21,17.778792499999998
2016-06-22,15.37738625
2016-06-23,33.83212291666667
2016-06-24,52.83156666666667
2016-06-25,35.6683725
2016-06-26,15.830916666666667
2016-06-27,13.072407083333333
2016-06-28,14.491130833333335
2016-06-29,12.2104825
2016-06-30,15.447693333333333
2016-07-01,28.663685833333332
2016-07-02,21.545917916666667
2016-07-03,8.615645
2016-07-04,8.685044166666666
2016-07-05,10.715662083333333
2016-07-06,7.453101666666666
2016-07-07,10.514750000000001
2016-07-08,9.5783725
2016-07-09,8.863072083333334
2016-07-10,12.430437916666667
2016-07-11,22.48767791666667
2016-07-12,14.591725416666668
2016-07-13,12.505499583333332
2016-07-14,6.077305416666667
2016-07-15,11.885675416666666
2016-07-16,11.359229999999998
2016-07-17,20.045480416666667
2016-07-18,8.284000416666666
2016-07-19,7.789067500000001
2016-07-20,7.292392499999999
2016-07-21,6.77753625
2016-07-22,12.50042
2016-07-23,14.351011666666666
2016-07-24,10.199699166666667
2016-07-25,15.697315416666667
2016-07-26,21.293807083333334
2016-07-27,9.0353975
2016-07-28,14.775768333333332
2016-07-29,18.846565833333333
2016-07-30,20.187667916666665
2016-07-31,9.363435
2016-08-01,8.255654166666668
2016-08-02,8.875390416666667
2016-08-03,14.786887083333333
2016-08-04,15.35765625
2016-08-05,13.602323749999998
2016-08-06,10.065792916666666
2016-08-07,10.647867916666668
2016-08-08,14.446949166666668
2016-08-09,12.088955
2016-08-10,9.339607083333332
2016-08-11,10.348156818181819
2016-08-12,11.369455833333333
2016-08-13,10.295107083333333
2016-08-14,7.674113333333334
2016-08-15,6.9418275
2016-08-16,7.462883333333334
2016-08-17,5.266347916666667
2016-08-18,7.054135
2016-08-19,11.85081125
2016-08-20,34.62629208333333
2016-08-21,22.870750833333332
2016-08-22,17.64089291666667
2016-08-23,13.011389166666667
2016-08-24,9.095639583333334
2016-08-25,24.601541666666666
2016-08-26,37.09835416666667
2016-08-27,31.536338333333333
2016-08-28,18.8652525
2016-08-29,21.992296666666665
2016-08-30,11.512527916666665
2016-08-31,13.869007083333335
2016-09-01,41.077108333333335
2016-09-02,14.956743333333334
2016-09-03,27.40116
2016-09-04,10.206331666666665
2016-09-05,7.918175416666667
2016-09-06,8.495211666666666
2016-09-07,9.206869166666666
2016-09-08,20.908677083333334
2016-09-09,28.465754166666667
2016-09-10,23.707854166666667
2016-09-11,22.196725416666666
2016-09-12,16.376492916666667
2016-09-13,6.550239166666667
2016-09-14,12.603687142857144
2016-09-15,24.91303125
2016-09-16,14.204313749999999
2016-09-17,13.076066249999998
2016-09-18,9.317787083333334
2016-09-19,37.642755
2016-09-20,27.915091666666665
2016-09-21,13.875927916666667
2016-09-22,9.351811249999999
2016-09-23,12.082736250000002
2016-09-24,10.418028333333334
2016-09-25,12.829945833333333
2016-09-26,37.04247875
2016-09-27,45.432618181818185
2016-09-28,33.67987333333333
2016-09-29,14.250222083333334
2016-09-30,13.824922083333334
2016-10-01,16.707531666666664
2016-10-02,14.649142500000002
2016-10-03,18.519909583333334
2016-10-04,6.936248333333334
2016-10-05,4.352233333333333
2016-10-06,5.4281025000000005
2016-10-07,5.949800416666666
2016-10-08,4.226725416666667
2016-10-09,7.623539583333333
2016-10-10,6.421993333333333
2016-10-11,9.158246666666667
2016-10-12,8.701910416666665
2016-10-13,10.013665000000001
2016-10-14,22.385092916666665
2016-10-15,15.8969425
2016-10-16,13.8955325
2016-10-17,26.869829999999997
2016-10-18,33.6278125
2016-10-19,30.34116625
2016-10-20,24.361320000000003
2016-10-21,21.82795625
2016-10-22,7.959474583333333
2016-10-23,26.21021041666667
2016-10-24,14.71781
2016-10-25,17.48846875
2016-10-26,19.1231425
2016-10-27,21.64581708333333
2016-10-28,6.478124166666667
2016-10-29,10.398116666666667
2016-10-30,8.290067391304348
2016-10-31,5.19454375
2016-11-01,6.5538187500000005
2016-11-02,4.566660416666667
2016-11-03,8.807544166666666
2016-11-04,25.456605416666665
2016-11-05,21.891695833333333
2016-11-06,12.941638750000001
2016-11-07,7.337815416666667
2016-11-08,19.219700416666665
2016-11-09,34.96566666666667
2016-11-10,28.43000875
2016-11-11,25.06303875
2016-11-12,11.586305416666667
2016-11-13,11.804228333333334
2016-11-14,8.29688125
2016-11-15,7.648675416666666
2016-11-16,10.958730000000001
2016-11-17,11.586210833333332
2016-11-18,18.939550416666666
2016-11-19,14.696556666666666
2016-11-20,12.291847083333332
2016-11-21,41.295829166666664
2016-11-22,40.89145833333333
2016-11-23,39.665550833333334
2016-11-24,17.479282083333334
2016-11-25,20.047386666666664
2016-11-26,2.8029125
2016-11-27,10.278807500000001
2016-11-28,22.846517916666667
2016-11-29,8.400324583333333
2016-11-30,5.895656249999999
2016-12-01,20.452808333333333
2016-12-02,11.3859075
2016-12-03,10.093303333333333
2016-12-04,12.212722083333333
2016-12-05,3.63480625
2016-12-06,9.871388333333334
2016-12-07,16.12503583333333
2016-12-08,8.71667375
2016-12-09,9.71796
2016-12-10,6.022085833333333
2016-12-11,6.8053308333333336
2016-12-12,15.503749166666665
2016-12-13,19.4843875
2016-12-14,13.270770416666666
2016-12-15,30.426441666666665
2016-12-16,32.72856458333333
2016-12-17,18.4910375
2016-12-18,8.8309
2016-12-19,36.06839458333334
2016-12-20,12.49826375
2016-12-21,41.512595833333336
2016-12-22,34.6381875
2016-12-23,9.852530833333333
2016-12-24,7.587272083333333
2016-12-25,8.4175025
2016-12-26,4.5542187499999995
2016-12-27,14.377486666666668
2016-12-28,12.057810833333333
2016-12-29,19.48153125
2016-12-30,23.493880416666666
2016-12-31,8.0645
2017-01-01,4.16272
2017-01-03,2.2395181818181817
2017-01-04,13.233216666666666
2017-01-05,15.637429166666665
2017-01-06,31.747145833333335
2017-01-07,31.731345833333336
2017-01-08,35.445
2017-01-09,42.589037499999996
2017-01-10,58.65224166666667
2017-01-11,46.4274625
2017-01-12,15.6651
2017-01-13,11.948158333333334
2017-01-14,12.904891666666666
2017-01-15,16.067658333333334
2017-01-16,22.354141666666667
2017-01-17,23.481808333333333
2017-01-18,11.183675000000001
2017-01-19,9.227458333333333
2017-01-20,4.4700750000000005
2017-01-21,6.831854166666666
2017-01-22,6.7402083333333325
2017-01-23,32.16381666666667
2017-01-24,10.169004166666667
2017-01-25,24.513787500000003
2017-01-26,12.9868125
2017-01-27,41.3763625
2017-01-28,94.79620833333333
2017-01-29,65.81868333333334
2017-01-30,93.49611666666665
2017-01-31,45.671191666666665
2017-02-01,63.034962500000006
2017-02-02,57.20110416666666
2017-02-03,53.227974999999994
2017-02-04,30.40794166666667
2017-02-05,19.258170833333335
2017-02-06,24.829716666666666
2017-02-07,9.789704166666667
2017-02-08,10.658225
2017-02-09,15.415854166666668
2017-02-10,11.286216666666666
2017-02-11,11.68385
2017-02-12,10.719129166666667
2017-02-13,15.579612500000001
2017-02-14,65.82537916666666
2017-02-15,74.41360833333333
2017-02-16,58.50040833333333
2017-02-17,9.659595833333332
2017-02-18,4.3246375
2017-02-19,9.2112875
2017-02-20,2.5385916666666666
2017-02-21,13.070433333333334
2017-02-22,7.100525
2017-02-23,9.278333333333334
2017-02-24,14.881404166666668
2017-02-25,12.239041666666665
2017-02-26,4.650375
2017-02-27,26.329941666666667
2017-02-28,31.949536363636366
2017-03-01,21.616666666666664
2017-03-02,8.262500000000001
2017-03-03,14.308333333333332
2017-03-04,26.650000000000002
2017-03-05,32.541666666666664
2017-03-06,21.416666666666668
2017-03-07,7.941666666666666
2017-03-08,14.683333333333332
2017-03-09,40.983333333333334
2017-03-10,25.154166666666665
2017-03-11,5.6625000000000005
2017-03-12,4.7124999999999995
2017-03-13,15.429166666666667
2017-03-14,57.925000000000004
2017-03-15,20.708333333333332
2017-03-16,24.854166666666668
2017-03-17,12.525
2017-03-18,4.479166666666667
2017-03-19,7.566666666666666
2017-03-20,13.049999999999999
2017-03-21,15.0625
2017-03-22,24.662499999999998
2017-03-23,56.59583333333333
2017-03-24,14.1625
2017-03-25,6.504166666666666
2017-03-26,8.895833333333334
2017-03-27,16.445833333333333
2017-03-28,9.245833333333334
2017-03-29,14.125
2017-03-30,10.825000000000001
2017-03-31,17.858333333333334
2017-04-01,47.733608333333336
2017-04-02,21.986016666666668
2017-04-03,12.167258333333335
2017-04-04,9.073712500000001
2017-04-05,20.230404166666666
2017-04-06,7.4289916666666675
2017-04-07,12.592066666666668
2017-04-08,11.019658333333332
2017-04-09,8.287308333333334
2017-04-10,25.22117916666667
2017-04-11,14.156270833333332
2017-04-12,3.0191375
2017-04-13,7.590691666666667
2017-04-14,10.781783333333335
2017-04-15,4.048783333333334
2017-04-16,11.825883333333332
2017-04-17,7.787741666666666
2017-04-18,8.619091666666666
2017-04-19,8.355483333333334
2017-04-20,7.137375
2017-04-21,7.582033333333334
2017-04-22,8.920725
2017-04-23,8.027379166666666
2017-04-24,8.0359125
2017-04-25,4.982916666666667
2017-04-26,9.2124375
2017-04-27,12.296754166666666
2017-04-28,12.874333333333333
2017-04-29,6.821566666666667
2017-04-30,7.7075000000000005
2017-05-01,5.696666666666666
2017-05-02,8.500320833333333
2017-05-03,6.967225
2017-05-04,9.610666666666667
2017-05-05,11.3383625
2017-05-06,13.0003875
2017-05-07,5.286579166666667
2017-05-08,7.76955
2017-05-09,5.718391666666666
2017-05-10,2.9321916666666668
2017-05-11,13.447949999999999
2017-05-12,11.8898625
2017-05-13,12.890020833333333
2017-05-14,16.654875
2017-05-15,13.675808333333334
2017-05-16,10.519754166666667
2017-05-17,28.137583333333335
2017-05-18,48.535495833333336
2017-05-19,38.795029166666666
2017-05-20,38.76425
2017-05-21,10.675904166666667
2017-05-22,9.317895833333333
2017-05-23,16.54778333333333
2017-05-24,17.190904166666666
2017-05-25,13.877008333333334
2017-05-26,11.485808333333333
2017-05-27,14.733970833333332
2017-05-28,23.219495833333337
2017-05-29,10.853829166666666
2017-05-30,14.836425
2017-05-31,29.90235
2017-06-01,17.804454166666666
2017-06-02,9.979429166666668
2017-06-03,6.660141666666667
2017-06-04,10.5947625
2017-06-05,11.3509375
2017-06-06,11.773883333333332
2017-06-07,11.501716666666667
2017-06-08,17.423975000000002
2017-06-09,15.081283333333333
2017-06-10,12.451554166666666
2017-06-11,10.033616666666667
2017-06-12,9.789362500000001
2017-06-13,9.6412625
2017-06-14,11.199125
2017-06-15,7.591666666666666
2017-06-16,11.2583
2017-06-17,9.462366666666666
2017-06-18,8.010891666666668
2017-06-19,7.9360541666666675
2017-06-20,21.112
2017-06-21,11.179570833333335
2017-06-22,9.771637499999999
2017-06-23,15.854687499999999
2017-06-24,8.574570833333334
2017-06-25,6.462891666666667
2017-06-26,9.231275
2017-06-27,10.786241666666667
2017-06-28,8.592016666666668
2017-06-29,9.2871875
2017-06-30,6.4776375
2017-07-01,4.580508333333333
2017-07-02,9.80585
2017-07-03,10.832220833333333
2017-07-04,7.312595833333333
2017-07-05,9.304408333333333
2017-07-06,10.134337499999999
2017-07-07,12.8410125
2017-07-08,9.375366666666666
2017-07-09,9.678666666666667
2017-07-10,15.234625000000001
2017-07-11,10.339458333333333
2017-07-12,11.886216666666668
2017-07-13,8.236083333333333
2017-07-14,7.36205
2017-07-15,12.138874999999999
2017-07-16,13.443045833333334
2017-07-17,7.550695833333333
2017-07-18,8.351483333333332
2017-07-19,17.517738461538464
2017-07-20,12.22296153846154
2017-07-21,10.908954166666668
2017-07-22,9.789466666666668
2017-07-23,8.673133333333334
2017-07-24,8.419266666666667
2017-07-25,6.035683333333334
2017-07-26,8.501470833333334
2017-07-27,6.800004166666667
2017-07-28,15.228458333333334
2017-07-29,10.4095
2017-07-30,17.8457
2017-07-31,13.973037499999998
2017-08-01,21.735879166666667
2017-08-02,16.680191666666666
2017-08-03,20.7576
2017-08-04,12.628233333333334
2017-08-05,12.752745833333334
2017-08-06,10.858079166666668
2017-08-07,10.227825000000001
2017-08-08,19.926666666666666
2017-08-09,24.37704583333333
2017-08-10,15.687245833333334
2017-08-11,15.398275
2017-08-12,9.485679166666667
2017-08-13,10.788833333333335
2017-08-14,12.722604166666665
2017-08-15,12.249029166666666
2017-08-16,19.004708333333333
2017-08-17,13.233229166666668
2017-08-18,20.108570833333335
2017-08-19,11.123008333333333
2017-08-20,14.205425
2017-08-21,4.7946375
2017-08-22,5.679683333333333
2017-08-23,6.1481125
2017-08-24,9.737191666666666
2017-08-25,14.648316666666666
2017-08-26,7.893908333333333
2017-08-27,9.298645833333333
2017-08-28,7.272404166666667
2017-08-29,15.459108333333333
2017-08-30,34.749270833333334
2017-08-31,32.985912500000005
2017-09-01,6.434516666666667
2017-09-02,4.3130875
2017-09-03,3.0467
2017-09-04,4.677175
2017-09-05,8.337125
2017-09-06,4.9429083333333335
2017-09-07,7.742925
2017-09-08,16.187904166666666
2017-09-09,33.9162375
2017-09-10,24.0515125
2017-09-11,20.285825
2017-09-12,18.397333333333332
2017-09-13,6.77205
2017-09-14,10.498199999999999
2017-09-15,9.140979166666666
2017-09-16,24.88694166666667
2017-09-17,8.679245833333333
2017-09-18,8.0377125
2017-09-19,8.599241666666666
2017-09-20,31.606416666666664
2017-09-21,9.516954166666666
2017-09-22,8.9790625
2017-09-23,12.636520833333334
2017-09-24,21.439566666666668
2017-09-25,28.694720833333335
2017-09-26,30.050179166666666
2017-09-27,30.213229166666665
2017-09-28,13.308083333333334
2017-09-29,32.53952916666667
2017-09-30,13.111458333333333
2017-10-01,24.654945833333333
2017-10-02,26.3349375
2017-10-03,14.315425
2017-10-04,6.219708333333333
2017-10-05,4.251641666666667
2017-10-06,8.720155
2017-10-07,1.6333958333333334
2017-10-08,5.106016666666666
2017-10-09,5.607381818181818
2017-10-10,8.694133333333333
2017-10-11,15.105041666666667
2017-10-12,7.7027125
2017-10-13,14.713854166666666
2017-10-14,6.052991666666667
2017-10-15,10.759845833333335
2017-10-16,27.838220833333335
2017-10-17,31.793499999999998
2017-10-18,20.1009
2017-10-19,10.62985
2017-10-20,35.19316666666666
2017-10-21,35.06903333333333
2017-10-22,10.712070833333334
2017-10-23,10.133191666666667
2017-10-24,17.451508333333333
2017-10-25,11.689675
2017-10-26,7.253146153846154
2017-10-27,7.951415384615384
2017-10-28,2.5004833333333334
2017-10-29,10.125358333333333
2017-10-30,12.130650000000001
2017-10-31,7.636158333333333
2017-11-01,10.384045833333333
2017-11-02,6.7404625
2017-11-03,17.0910625
2017-11-04,35.61025
2017-11-05,60.186545833333334
2017-11-06,45.877745833333336
2017-11-07,19.249425
2017-11-08,23.406445833333333
2017-11-09,40.06312916666666
2017-11-10,15.801658333333334
2017-11-11,5.2824
2017-11-12,12.145820833333334
2017-11-13,24.087779166666667
2017-11-14,8.282187500000001
2017-11-15,13.381108333333332
2017-11-16,32.49834583333333
2017-11-17,21.394808333333334
2017-11-18,6.6200125000000005
2017-11-19,3.0105916666666666
2017-11-20,7.1465749999999995
2017-11-21,23.9668125
2017-11-22,29.12364583333333
2017-11-23,44.59112083333333
2017-11-24,43.32864583333333
2017-11-25,11.824670833333334
2017-11-26,11.7499375
2017-11-27,18.122708333333332
2017-11-28,22.249482608695654
2017-11-29,66.90489090909091
2017-11-30,30.6880625
2017-12-01,7.9522916666666665
2017-12-02,15.5962625
2017-12-03,14.017574999999999
2017-12-04,8.177766666666667
2017-12-05,6.172783333333332
2017-12-06,2.683520833333333
2017-12-07,5.125920833333333
2017-12-08,9.51395
2017-12-09,11.097825
2017-12-10,8.248333333333333
2017-12-11,30.965991304347828
2017-12-12,17.828873333333334
2017-12-13,13.844454166666667
2017-12-14,19.0354
2017-12-15,33.589175
2018-01-03,13.674592727272728
2018-01-04,14.073592083333333
2018-01-05,19.314069999999997
2018-01-06,21.422465454545456
2018-01-08,21.985404615384613
2018-01-25,49.40266666666667
2018-01-26,26.637854166666667
2018-01-27,15.450218333333334
2018-01-28,13.028638333333333
2018-01-29,5.395865416666666
2018-01-30,11.059464583333332
2018-01-31,10.362402916666666
2018-02-01,15.912853750000002
2018-02-02,33.32934958333333
2018-02-03,36.35355
2018-02-04,18.171859583333333
2018-02-05,7.56378
2018-02-06,7.612600833333333
2018-02-07,65.2351125
2018-02-08,32.105003333333336
2018-02-09,97.29441875
2018-02-10,26.989879166666668
2018-02-11,52.28520416666667
2018-02-12,22.57231125
2018-02-13,25.3014125
2018-02-14,30.842000833333334
2018-02-15,37.70753333333334
2018-02-16,28.763975000000002
2018-02-17,6.538718333333333
2018-02-18,14.96209625
2018-02-19,21.55378333333333
2018-02-20,32.83205916666667
2018-02-21,13.466585
2018-02-22,14.210664166666668
2018-02-23,31.819704583333333
2018-02-24,16.493415833333334
2018-02-25,13.202100833333333
2018-02-26,21.979927916666668
2018-02-27,15.69541375
2018-02-28,11.11679375
2018-03-01,10.526705833333333
2018-03-02,14.604975416666667
2018-03-03,17.383475
2018-03-04,22.758433333333333
2018-03-05,54.98649583333333
2018-03-06,78.87853333333334
2018-03-07,42.415508333333335
2018-03-08,39.63568083333333
2018-03-09,19.52888875
2018-03-10,12.239447916666668
2018-03-11,20.9246575
2018-03-12,50.84085833333333
2018-03-13,17.0511625
2018-03-14,9.093459166666667
2018-03-15,12.120892083333333
2018-03-16,13.091639583333333
2018-03-17,14.329392499999999
2018-03-18,8.348090833333332
2018-03-19,39.344216249999995
2018-03-20,22.634229583333333
2018-03-21,10.929682916666666
2018-03-22,10.516525833333333
2018-03-23,33.931016666666665
2018-03-24,46.8369625
2018-03-25,51.058976666666666
2018-03-26,35.66028083333333
2018-03-27,6.16716
2018-03-28,14.952112083333333
2018-03-29,23.573425416666666
2018-03-30,16.0903475
2018-03-31,4.913730416666667
2018-04-01,5.141290833333334
2018-04-02,13.194035416666667
2018-04-03,35.5519375
2018-04-04,32.9567125
2018-04-05,29.655997916666667
2018-04-06,17.209039583333333
2018-04-07,31.252470416666668
2018-04-08,32.71290833333333
2018-04-09,59.65962083333333
2018-04-10,34.789805
2018-04-11,14.131909583333334
2018-04-12,18.861985
2018-04-13,30.741708333333335
2018-04-14,41.22045541666667
2018-04-15,34.50361291666667
2018-04-16,53.67120416666666
2018-04-17,13.079656666666667
2018-04-18,19.458666666666666
2018-04-19,15.8266425
2018-04-20,40.09676791666667
2018-04-21,18.805810833333332
2018-04-22,9.435792083333334
2018-04-23,31.24837125
2018-04-24,10.984813333333333
2018-04-25,11.086840416666666
2018-04-26,10.125142083333333
2018-04-27,10.326630416666667
2018-04-28,36.432541666666665
2018-04-29,26.773081666666666
2018-04-30,27.46345583333333
2018-05-01,15.519110416666665
2018-05-02,15.332868333333332
2018-05-03,15.249257916666666
2018-05-04,11.86345875
2018-05-05,12.9356
2018-05-06,12.754480416666667
2018-05-07,17.8837
2018-05-08,12.523420833333333
2018-05-09,17.352734166666668
2018-05-10,45.30256315789474
2018-05-11,60.401158333333335
2018-05-12,13.845127499999998
2018-05-13,23.039239166666665
2018-05-14,28.788520833333333
2018-05-15,22.558270833333335
2018-05-16,12.01738375
2018-05-17,15.713057916666665
2018-05-18,21.7788
2018-05-19,10.40583625
2018-05-20,8.054662083333334
2018-05-21,8.377447916666666
2018-05-22,14.562412916666666
2018-05-23,13.518790416666667
2018-05-24,13.13938875
2018-05-25,15.721712916666666
2018-05-26,14.148206250000001
2018-05-27,15.69488375
2018-05-28,23.219706666666667
2018-05-29,37.08533333333333
2018-05-30,34.60979458333333
2018-05-31,19.447954166666666
2018-06-01,28.731704166666663
2018-06-02,24.462604583333334
2018-06-03,18.982349583333335
2018-06-04,32.97772608695652
2018-06-05,16.16505
2018-06-06,13.315689583333333
2018-06-07,21.573145416666666
2018-06-08,47.7671075
2018-06-09,22.079442916666665
2018-06-10,24.28491166666667
2018-06-11,41.30325083333334
2018-06-12,22.1812525
2018-06-13,23.0012225
2018-06-14,22.154584166666666
2018-06-15,32.91971521739131
2018-06-16,24.740845833333335
2018-06-17,33.80604291666667
2018-06-18,26.696276666666666
2018-06-19,26.093641666666667
2018-06-20,32.90845958333333
2018-06-21,51.64865291666666
2018-06-22,15.737022083333335
2018-06-23,14.598433333333332
2018-06-24,24.458335
2018-06-25,17.231405
2018-06-26,26.81445583333333
2018-06-27,20.087721666666667
2018-06-28,10.635165833333334
2018-06-29,16.33112708333333
2018-06-30,6.782055833333334
2018-07-01,9.073479166666667
2018-07-02,19.974812916666668
2018-07-03,19.39163
2018-07-04,15.6577425
2018-07-05,19.073313333333335
2018-07-06,17.58126875
2018-07-07,41.39344583333333
2018-07-08,58.59390722222223
2018-07-09,29.68456347826087
2018-07-10,12.335488333333332
2018-07-11,35.84305583333333
2018-07-12,34.946805833333336
2018-07-13,29.881531666666664
2018-07-14,12.81816875
2018-07-15,23.585102916666667
2018-07-16,32.5432125
2018-07-17,47.89669041666667
2018-07-18,70.32882285714285
2018-07-19,44.370383
2018-07-20,27.07097625
2018-07-21,33.71279416666667
2018-07-22,26.12571125
2018-07-23,14.422345
2018-07-24,40.396096
2018-07-25,47.62212777777778
2018-08-02,50.469722000000004
2018-08-03,31.00068
2018-08-04,47.391805
2018-08-05,17.29118375
2018-08-06,18.54907875
2018-08-07,29.196600416666666
2018-08-08,56.33996249999999
2018-08-09,57.02717083333334
2018-08-10,41.681857916666665
2018-08-11,14.875775833333334
2018-08-12,12.123471666666667
2018-08-13,24.707793749999997
2018-08-14,47.97409083333333
2018-08-15,12.415252500000001
2018-08-16,31.01641125
2018-08-17,51.08597375
2018-08-18,32.538770416666665
2018-08-19,26.075580416666668
2018-08-20,38.83096166666667
2018-08-21,16.22831375
2018-08-22,21.85025333333333
2018-08-23,56.2563125
2018-08-24,50.131638333333335
2018-08-25,23.74760458333333
2018-08-26,11.340314583333333
2018-08-27,23.891514166666667
2018-08-28,24.325487083333332
2018-08-29,25.063607916666665
2018-08-30,34.448042105263156
2018-08-31,29.805829166666665
2018-09-01,21.45838458333333
2018-09-02,16.979211666666668
2018-09-03,25.93850625
2018-09-04,27.75607791666667
2018-09-05,27.123625416666666
2018-09-06,51.59359583333333
2018-09-07,54.53964875
2018-09-08,36.96949375
2018-09-09,27.172054166666666
2018-09-10,44.36212208333333
2018-09-11,31.277808260869566
2018-09-12,18.028717083333333
2018-09-13,15.09000375
2018-09-14,37.11228333333333
2018-09-15,31.046584166666666
2018-09-16,17.602529583333332
2018-09-17,40.86877875
2018-09-18,74.75647791666667
2018-09-19,72.01531791666666
2018-09-20,62.64194166666667
2018-09-21,84.11447083333333
2018-09-22,12.098625833333335
2018-09-23,11.823785416666666
2018-09-24,9.92468652173913
2018-09-25,11.766277916666667
2018-09-26,7.441521666666667
2018-09-27,8.424914583333333
2018-09-28,11.136709166666668
2018-09-29,8.798810000000001
2018-09-30,9.614943333333333
2018-10-01,52.25861833333334
2018-10-02,9.395962916666667
2018-10-03,10.037888333333333
2018-10-04,17.193559166666667
2018-10-05,30.457292499999998
2018-10-06,47.35825499999999
2018-10-07,38.83906458333333
2018-10-08,17.813863333333334
2018-10-09,75.49174583333333
2018-10-10,109.38372916666667
2018-10-11,88.46165833333333
2018-10-12,88.4631375
2018-10-13,109.95555
2018-10-14,58.592835
2018-10-15,69.89108636363636
2018-10-16,114.32493749999999
2018-10-17,144.92504583333334
2018-10-18,140.84113333333332
2018-10-19,14.992887083333335
2018-10-20,18.308729166666666
2018-10-21,20.097987083333333
2018-10-22,15.624254782608697
2018-10-23,8.29609380952381
2018-10-24,11.92063375
2018-10-25,17.937199583333335
2018-10-26,26.68757666666667
2018-10-27,25.12766125
2018-10-28,10.683385416666667
2018-10-29,7.567277083333334
2018-10-30,29.645795833333334
2018-10-31,35.01193791666667
2018-11-01,28.323253750000003
2018-11-02,50.43584166666667
2018-11-03,29.020245833333334
2018-11-04,22.140932083333336
2018-11-05,40.54250416666667
2018-11-06,74.81682380952381
2018-11-07,86.6645125
2018-11-08,97.700575
2018-11-09,65.7456875
2018-11-10,79.62942625000001
2018-11-11,66.94145416666667
2018-11-12,84.4437125
2018-11-13,55.459700416666664
2018-11-14,12.914009166666666
2018-11-15,27.59748833333333
2018-11-16,33.45289041666667
2018-11-17,34.20153208333333
2018-11-18,11.734975833333335
2018-11-19,6.2060258333333325
2018-11-20,7.366131666666667
2018-11-21,9.5248925
2018-11-22,16.269093333333334
2018-11-23,42.27429090909091
2018-11-24,64.76190833333334
2018-11-25,57.13490833333333
2018-11-26,26.873012916666667
2018-11-27,11.38651625
2018-11-28,39.66647916666667
2018-11-29,30.348590416666667
2018-11-30,48.286325
2018-12-01,47.38702916666667
2018-12-02,62.971579166666665
2018-12-03,52.50484583333333
2018-12-04,24.132109999999997
2018-12-05,20.870620833333334
2018-12-06,38.1904375
2018-12-07,28.813792083333336
2018-12-08,11.043572500000002
2018-12-09,8.182195833333333
2018-12-10,10.9620825
2018-12-11,16.422154166666665
2018-12-12,12.232651250000002
2018-12-13,14.5174775
2018-12-14,19.63138
2018-12-15,8.761201250000001
2018-12-16,16.956105416666666
2018-12-17,43.60237083333333
2018-12-18,49.4635
2018-12-19,59.68647541666667
2018-12-20,47.66153333333333
2018-12-21,60.62681125
2018-12-22,16.716615
2018-12-23,12.4041
2018-12-24,13.11804125
2018-12-25,10.028814583333334
2018-12-26,11.3188575
2018-12-27,10.968745416666666
2018-12-28,6.943117916666666
2018-12-29,10.50530125
2018-12-30,13.0838275
2018-12-31,10.193089166666667
2019-01-01,5.04594
2019-01-02,20.131029166666668
2019-01-03,14.002258750000001
2019-01-04,6.521603333333334
2019-01-05,8.535045833333333
2019-01-06,10.5801475
2019-01-07,10.103602916666667
2019-01-08,21.782622916666668
2019-01-09,23.801704166666667
2019-01-10,30.102930833333332
2019-01-11,19.397322083333332
2019-01-12,5.421505
2019-01-13,3.5642091666666667
2019-01-14,9.463138333333333
2019-01-15,7.941103333333333
2019-01-16,13.67940375
2019-01-17,7.21932
2019-01-18,13.01130875
2019-01-19,8.884633333333333
2019-01-20,7.554724583333333
2019-01-21,13.58189
2019-01-22,38.9481125
2019-01-23,67.46007083333333
2019-01-24,51.77353041666667
2019-01-25,38.10185416666667
2019-01-26,36.05382916666667
2019-01-27,46.207625
2019-01-28,61.46610833333333
2019-01-29,52.131105
2019-01-30,24.982207083333332
2019-01-31,35.77970833333333
2019-02-01,44.007354166666666
2019-02-02,29.579805833333335
2019-02-03,18.767219166666667
2019-02-04,14.8813125
2019-02-05,14.785432083333333
2019-02-06,13.315899166666666
2019-02-07,42.53222916666667
2019-02-08,19.109915
2019-02-09,24.78138208333333
2019-02-10,10.936677916666667
2019-02-11,14.529818333333333
2019-02-12,9.973712916666667
2019-02-13,16.215232916666668
2019-02-14,17.706144583333334
2019-02-15,23.217367916666664
2019-02-16,31.47038625
2019-02-17,13.061185
2019-02-18,16.710933333333333
2019-02-19,35.4209975
2019-02-20,8.203404166666667
2019-02-21,10.220858333333334
2019-02-22,13.892366666666668
2019-02-23,14.059354166666667
2019-02-24,6.598089166666667
2019-02-25,6.606579166666666
2019-02-26,11.337756666666666
2019-02-27,24.008291666666665
2019-02-28,14.038194583333334
2019-03-01,5.4415233333333335
2019-03-02,10.8061825
2019-03-03,15.267560833333334
2019-03-04,5.297123333333333
2019-03-05,9.748415833333334
2019-03-06,14.36911625
2019-03-07,27.692054583333334
2019-03-08,18.950350416666666
2019-03-09,9.075697916666668
2019-03-10,8.979175833333334
2019-03-11,10.331140416666667
2019-03-12,18.714045
2019-03-13,14.385002916666666
2019-03-14,8.175274583333334
2019-03-15,10.219056666666667
2019-03-16,16.30074875
2019-03-17,9.584251666666667
2019-03-18,8.646202083333334
2019-03-19,11.842602916666666
2019-03-20,11.758667916666667
2019-03-21,13.468078749999998
2019-03-22,15.230053750000002
2019-03-23,24.24112375
2019-03-24,10.118585833333333
2019-03-25,19.023945833333332
2019-03-26,13.622920833333334
2019-03-27,9.536054166666666
2019-03-28,13.755780833333333
2019-03-29,8.980141666666666
2019-03-30,22.198520833333333
2019-03-31,18.386410833333333
2019-04-01,14.599376249999999
2019-04-02,55.078512499999995
2019-04-03,48.487950000000005
2019-04-04,35.373244166666666
2019-04-05,54.9643
2019-04-06,40.2898
2019-04-07,62.36600833333333
2019-04-08,42.168704166666664
2019-04-09,7.851935416666667
2019-04-10,7.468301666666666
2019-04-11,6.945600833333334
2019-04-12,11.002330833333334
2019-04-13,14.211229166666667
2019-04-14,14.215307916666667
2019-04-15,8.337673333333333
2019-04-16,15.95732625
2019-04-17,17.811852916666666
2019-04-18,23.049520833333332
2019-04-19,12.688184999999999
2019-04-20,10.109278333333334
2019-04-21,18.1104025
2019-04-22,18.575857916666667
2019-04-23,65.28338333333333
2019-04-24,41.5116875
2019-04-25,52.96185833333333
2019-04-26,58.21950833333333
2019-04-27,41.745675
2019-04-28,13.34729875
2019-04-29,17.13740208333333
2019-04-30,15.210404583333334
2019-05-01,16.178136249999998
2019-05-02,11.6870375
2019-05-03,11.242468333333333
2019-05-04,10.889034583333334
2019-05-05,13.491614583333332
2019-05-06,21.756452083333333
2019-05-07,15.24610125
2019-05-08,42.404147916666666
2019-05-09,51.218117500000005
2019-05-10,63.79194708333333
2019-05-11,39.43866083333334
2019-05-12,31.122204999999997
2019-05-13,10.6960225
2019-05-14,11.434004166666666
2019-05-15,24.37026916666667
2019-05-16,32.19795416666667
2019-05-17,33.44942875
2019-05-18,33.78310333333334
2019-05-19,44.34509583333334
2019-05-20,33.173423750000005
2019-05-21,41.460417916666664
2019-05-22,49.49692083333333
2019-05-23,22.4926
2019-05-24,24.93047125
2019-05-25,26.093537916666666
2019-05-26,18.943374583333334
2019-05-27,32.915393333333334
2019-05-28,49.893764583333336
2019-05-29,13.712729166666668
2019-05-30,12.82619125
2019-05-31,41.0004975
2019-06-01,31.356570833333333
2019-06-02,19.0925025
2019-06-03,42.52875391304348
2019-06-04,39.88686
2019-06-05,48.749855833333335
2019-06-06,39.16017083333333
2019-06-07,24.564719166666666
2019-06-08,19.086401666666667
2019-06-09,17.56764875
2019-06-10,23.676284166666665
2019-06-11,41.219869583333335
2019-06-12,53.390305833333336
2019-06-13,36.50567875
2019-06-14,12.03966
2019-06-15,22.178711250000003
2019-06-16,10.613824347826085
2019-06-17,12.360242173913043
2019-06-18,22.633500833333333
2019-06-19,37.67904333333333
2019-06-20,49.165382083333334
2019-06-21,15.69294375
2019-06-22,6.601715416666667
2019-06-23,8.977142916666667
2019-06-24,14.292072272727273
2019-06-25,34.22143173913044
2019-06-26,64.6754325
2019-06-27,18.889739583333334
2019-06-28,9.91447
2019-06-29,10.146236666666667
2019-06-30,13.409773333333334
2019-07-01,19.632315833333333
2019-07-02,20.818314583333333
2019-07-03,24.150782083333336
2019-07-04,22.398286249999998
2019-07-05,14.282902083333333
2019-07-06,45.14980583333334
2019-07-07,31.266592916666667
2019-07-08,22.0369725
2019-07-09,8.510662083333333
2019-07-10,7.767065
2019-07-11,9.32146695652174
2019-07-12,12.479209583333335
2019-07-13,12.660037916666667
2019-07-14,8.539635
2019-07-15,4.583936666666666
2019-07-16,9.64352375
2019-07-17,9.357781666666666
2019-07-18,9.399513749999999
2019-07-19,17.02539416666667
2019-07-20,12.726994166666666
2019-07-21,21.755735416666667
2019-07-22,16.747610833333333
2019-07-23,15.952152916666668
2019-07-24,19.256142916666665
2019-07-25,9.91412375
2019-07-26,20.979669583333333
2019-07-27,14.623561666666667
2019-07-28,30.718198333333333
2019-07-29,42.547123750000004
2019-07-30,33.81137416666667
2019-07-31,12.896510833333332
2019-08-01,16.174990833333332
2019-08-02,18.594297916666665
2019-08-03,19.7510275
2019-08-04,28.08595083333333
2019-08-05,41.9595775
2019-08-06,41.537533333333336
2019-08-07,18.855140416666668
2019-08-08,10.02534125
2019-08-09,15.608704166666667
2019-08-10,21.992976249999998
2019-08-11,25.513420416666666
2019-08-12,50.55715541666667
2019-08-13,38.590383333333335
2019-08-14,8.698540416666667
2019-08-15,9.726748333333333
2019-08-16,24.786852916666664
2019-08-17,30.019056666666668
2019-08-18,27.793286249999998
2019-08-19,33.65498541666667
2019-08-20,34.53467583333333
2019-08-21,35.34727458333334
2019-08-22,16.21666
2019-08-23,29.77365625
2019-08-24,51.40763666666667
2019-08-25,29.24493916666667
2019-08-26,28.830803333333336
2019-08-27,31.269327083333334
2019-08-28,55.56504416666667
2019-08-29,48.38679285714285
2019-08-30,49.69740041666666
2019-08-31,35.349437916666666
2019-09-01,38.24713416666666
2019-09-02,15.632908333333333
2019-09-03,19.078743749999997
2019-09-04,29.450900833333332
2019-09-05,21.79006083333333
2019-09-06,16.398899583333336
2019-09-07,35.26953583333333
2019-09-08,18.478258333333333
2019-09-09,29.62850125
2019-09-10,18.061436666666665
2019-09-11,19.397559166666667
2019-09-12,31.01135041666667
2019-09-13,18.050070833333333
2019-09-14,16.243792083333336
2019-09-15,8.742741578947369
2019-09-16,26.678129166666665
2019-09-17,24.34581083333333
2019-09-18,18.050831666666667
2019-09-19,11.302504999999998
2019-09-20,14.64836375
2019-09-21,7.4814429166666665
2019-09-22,16.87006291666667
2019-09-23,13.932466666666668
2019-09-24,28.5118325
2019-09-25,47.026556666666664
2019-09-26,52.366620833333336
2019-09-27,44.11064166666667
2019-09-28,20.172374166666668
2019-09-29,14.988694583333334
2019-09-30,9.388403333333335
2019-10-01,10.832067391304347
2019-10-02,8.865140416666668
2019-10-03,8.803985833333334
2019-10-04,9.457527916666667
2019-10-05,7.932427083333334
2019-10-06,5.291985416666667
2019-10-07,5.592255416666667
2019-10-08,12.78657
2019-10-09,17.452801666666666
2019-10-10,12.953388333333335
2019-10-11,13.454979999999999
2019-10-12,9.952661666666666
2019-10-13,20.32389125
2019-10-14,20.81574181818182
2019-10-15,44.75124041666667
2019-10-16,46.72034791666667
2019-10-17,40.12288291666667
2019-10-18,54.03734166666666
2019-10-19,31.18165458333333
2019-10-20,36.273133333333334
2019-10-21,45.221375
2019-10-22,31.479946666666667
2019-10-23,36.656704166666664
2019-10-24,41.08407916666667
2019-10-25,37.796035833333335
2019-10-26,15.155752608695652
2019-10-27,11.295060833333332
2019-10-28,9.233610434782609
2019-10-29,9.464008695652174
2019-10-30,9.175138260869565
2019-10-31,12.016076666666669
2019-11-01,10.150921666666667
2019-11-02,12.024232916666667
2019-11-03,29.936592916666665
2019-11-04,32.23707708333333
2019-11-05,12.284383749999998
2019-11-06,5.199409130434782
2019-11-07,33.98598625
2019-11-08,40.83523695652174
2019-11-09,29.406714166666664
2019-11-10,11.465089166666667
2019-11-11,11.82571625
2019-11-12,28.903490833333333
2019-11-13,5.845530833333334
2019-11-14,19.782197083333333
2019-11-15,6.12381375
2019-11-16,36.07064166666667
2019-11-17,21.307643913043478
2019-11-18,31.956427916666666
2019-11-19,35.05523875
2019-11-20,30.770758333333333
2019-11-21,7.133552916666667
2019-11-22,13.23007125
2019-11-23,13.44348909090909
2019-11-24,22.240912499999997
2019-11-25,20.0519925
2019-11-26,22.872376666666668
2019-11-27,42.87140909090909
2019-11-28,47.13388333333333
2019-11-29,15.784419090909092
2019-11-30,10.968829583333333
2019-12-01,5.137797083333333
2019-12-02,4.50891
2019-12-03,6.459700000000001
2019-12-04,8.984819583333334
2019-12-05,12.125980869565216
2019-12-06,13.670458333333334
2019-12-07,5.0958
2019-12-08,4.2081175
2019-12-09,11.873915416666668
2019-12-10,23.036427500000002
2019-12-11,31.07275291666667
2019-12-12,25.855873913043478
2019-12-13,16.974125416666666
2019-12-14,20.209130869565218
2019-12-15,8.466797391304349
2019-12-16,23.104297083333332
2019-12-17,42.255297391304346
2019-12-18,22.811539999999997
2019-12-19,27.4601625
2019-12-20,54.49055125
2019-12-21,51.400929999999995
2019-12-22,15.183805416666667
2019-12-23,8.072330833333334
2019-12-24,6.761101666666666
2019-12-25,15.002735217391304
2019-12-26,5.924742083333334
2019-12-27,6.864875416666667
2019-12-28,6.8674091666666675
2019-12-29,3.668254166666667
2019-12-30,6.693315
2020-01-03,5.929349
2020-01-04,11.135171666666666
2020-01-05,15.254294782608694
2020-01-06,6.700482083333333
2020-01-07,19.41424208333333
2020-01-08,12.04349304347826
2020-01-09,22.98413791666667
2020-01-10,15.760162142857142
2020-01-11,9.547500909090909
2020-01-12,4.32755375
2020-01-13,13.457671249999999
2020-01-14,31.15545416666667
2020-01-15,19.648328333333335
2020-01-16,25.728807083333333
2020-01-17,37.773741666666666
2020-01-18,21.913251304347824
2020-01-19,25.736048695652176
2020-01-20,13.843159583333334
2020-01-21,8.719873478260869
2020-01-22,10.527544347826087
2020-01-23,6.9610191666666665
2020-01-24,3.8964
2020-01-25,6.791310833333334
2020-01-26,5.181035217391305
2020-01-27,22.30347666666667
2020-01-28,31.972785416666667
2020-01-29,8.905192916666666
2020-01-30,12.095809166666667
2020-01-31,13.84675
2020-02-01,11.676476521739131
2020-02-02,11.626997391304347
2020-02-03,18.931305217391305
2020-02-04,14.016864583333332
2020-02-05,12.566680416666665
2020-02-06,8.074425416666667
2020-02-07,14.215842173913044
2020-02-08,23.936862083333335
2020-02-09,23.19445041666667
2020-02-10,8.7484275
2020-02-11,8.920647142857144
2020-02-12,10.562917272727274
2020-02-13,22.193812499999996
2020-02-14,36.838950000000004
2020-02-15,29.966740909090905
2020-02-16,6.22598
2020-02-17,13.939690434782609
2020-02-18,8.570228636363636
2020-02-19,9.641270416666666
2020-02-20,19.76206909090909
2020-02-21,20.789282608695654
2020-02-22,5.75199
2020-02-23,8.520920499999999
2020-02-24,13.247768095238095
2020-02-25,12.374383181818182
2020-02-26,8.698663333333334
2020-02-27,9.258127894736841
2020-02-28,9.331142272727273
2020-02-29,6.757188095238095
2020-03-01,11.26477380952381
2020-03-02,29.293961000000003
2020-03-03,24.344566923076925
2020-03-04,12.57530842105263
2020-03-05,30.68390875
2020-03-06,17.03121416666667
2020-03-07,20.637732916666668
2020-03-08,11.537741666666667
2020-03-09,30.381974999999997
2020-03-10,9.036429565217391
2020-03-11,13.062804782608694
2020-03-12,8.826125652173912
2020-03-13,12.130291176470587
2020-03-14,14.282544999999999
2020-03-15,16.4529225
2020-03-16,18.85090375
2020-03-17,16.98657916666667
2020-03-18,25.150238333333334
2020-03-19,6.8067641666666665
2020-03-20,12.311389583333332
2020-03-21,6.722905833333333
2020-03-22,7.307780416666667
2020-03-23,15.62233681818182
2020-03-24,48.20518791666667
2020-03-25,64.57454708333333
2020-03-26,55.118272499999996
2020-03-27,38.5986375
2020-03-28,52.72465217391304
2020-03-29,12.695863333333334
2020-03-30,6.498436818181818
2020-03-31,5.369000416666666
2020-04-01,4.036989166666666
2020-04-02,5.226479166666667
2020-04-03,18.133467916666667
2020-04-04,20.015255
2020-04-05,31.622590000000002
2020-04-06,47.13996956521739
2020-04-07,57.23957958333333
2020-04-08,24.583031363636362
2020-04-09,32.64851208333334
2020-04-10,13.116654090909092
2020-04-11,13.50308375
2020-04-12,11.341575652173914
2020-04-13,11.684747083333333
2020-04-14,13.331222916666666
2020-04-15,13.114584166666667
2020-04-16,14.438937916666667
2020-04-17,12.51188347826087
2020-04-18,15.547992083333334
2020-04-19,7.785671304347826
2020-04-20,7.751325833333333
2020-04-21,6.52573347826087
2020-04-22,8.475752916666666
2020-04-23,21.54644956521739
2020-04-24,12.5674275
2020-04-25,8.415535416666666
2020-04-26,10.412969166666667
2020-04-27,34.07023181818182
2020-04-28,46.87178333333333
2020-04-29,8.24524695652174
2020-04-30,16.48067083333333
2020-05-01,17.09290875
2020-05-02,13.794571304347826
2020-05-03,9.388253333333333
2020-05-04,9.455360434782609
2020-05-05,5.69911875
2020-05-06,8.497262916666667
2020-05-07,17.40386416666667
2020-05-08,21.150561666666665
2020-05-09,23.100729166666667
2020-05-10,21.985341666666667
2020-05-11,15.681071739130434
2020-05-12,7.965154347826087
2020-05-13,8.972446249999999
2020-05-14,15.594365416666667
2020-05-15,9.345385217391305
2020-05-16,11.386503478260869
2020-05-17,7.493706666666667
2020-05-18,7.063671666666667
2020-05-19,8.290482608695651
2020-05-20,9.488738333333334
2020-05-21,6.040874782608696
2020-05-22,12.976440454545456
2020-05-23,30.588874166666667
2020-05-24,12.019013333333334
2020-05-25,12.073079583333334
2020-05-26,9.249326666666667
2020-05-27,22.15628375
2020-05-28,9.359989130434784
2020-05-29,4.738264347826087
2020-05-30,5.947702499999999
2020-05-31,12.41384625
2020-06-01,9.833495000000001
2020-06-02,7.150723333333333
2020-06-03,9.683390833333332
2020-06-04,18.988691739130434
2020-06-05,15.29646875
2020-06-06,16.49326652173913
2020-06-07,19.28301
2020-06-08,9.887508260869565
2020-06-09,9.5429125
2020-06-10,11.796127499999999
2020-06-11,18.62291
2020-06-12,22.933633333333333
2020-06-13,16.111060833333333
2020-06-14,10.712384166666666
2020-06-15,10.91611
2020-06-16,14.928921666666668
2020-06-17,14.978946086956523
2020-06-18,13.599134583333333
2020-06-19,25.199246666666667
2020-06-20,15.854532083333334
2020-06-21,18.95367375
2020-06-22,12.182755833333333
2020-06-23,11.437094782608696
2020-06-24,15.473205833333333
2020-06-25,19.355551666666667
2020-06-26,36.418839166666665
2020-06-27,25.166685833333332
2020-06-28,23.698551666666663
2020-06-29,13.25058875
2020-06-30,13.431332083333333
2020-07-01,15.295222083333334
2020-07-02,16.942911666666667
2020-07-03,15.145227916666668
2020-07-04,14.270605833333335
2020-07-05,9.17797375
2020-07-06,13.43137125
2020-07-07,12.237514166666665
2020-07-08,12.441445416666667
2020-07-09,12.252951666666666
2020-07-10,13.426691666666665
2020-07-11,12.296460833333333
2020-07-12,12.672379166666666
2020-07-13,18.769727083333333
2020-07-14,17.721835714285714
2020-07-15,29.511245
2020-07-16,17.90866
2020-07-17,23.3162475
2020-07-18,20.591807083333332
2020-07-19,19.194643333333335
2020-07-20,27.254272083333333
2020-07-21,16.002473333333334
2020-07-22,9.990235833333333
2020-07-23,12.34818875
2020-07-24,25.230312916666666
2020-07-25,27.4766625
2020-07-26,27.65439541666667
2020-07-27,13.558177916666667
2020-07-28,24.378104583333336
2020-07-29,17.35267
2020-07-30,13.3346825
2020-07-31,10.882560833333335
2020-08-01,7.379817916666667
2020-08-02,17.051392500000002
2020-08-03,11.258547916666666
2020-08-04,10.675934166666666
2020-08-05,18.4950175
2020-08-06,41.19655125
2020-08-07,14.864646666666667
2020-08-08,27.13062791666667
2020-08-09,24.020635263157896
2020-08-10,12.708287857142858
2020-08-11,16.452136666666664
2020-08-12,11.723244166666667
2020-08-13,18.804618333333334
2020-08-14,32.726304166666665
2020-08-15,24.050092083333336
2020-08-16,18.777144583333335
2020-08-17,38.58453083333333
2020-08-18,18.724529999999998
2020-08-19,17.12620375
2020-08-20,22.468576363636362
2020-08-21,40.29478875
2020-08-22,31.39632041666667
2020-08-23,10.816495833333335
2020-08-24,20.979195833333332
2020-08-25,10.659183333333333
2020-08-26,17.171733333333332
2020-08-27,9.536394583333333
2020-08-28,10.22732875
2020-08-29,14.68564625
2020-08-30,23.505583913043477
2020-08-31,8.5945225
2020-09-01,6.8460616666666665
2020-09-02,9.794719545454546
2020-09-03,23.912329166666666
2020-09-04,21.460204583333333
2020-09-05,13.075325833333332
2020-09-06,8.564751666666668
2020-09-07,9.413017916666666
2020-09-08,12.318499166666667
2020-09-09,10.129049166666666
2020-09-10,15.878449166666668
2020-09-11,19.25135625
2020-09-12,36.45576583333334
2020-09-13,18.12366347826087
2020-09-14,47.86103333333333
2020-09-15,120.47510833333332
2020-09-16,41.024625
2020-09-17,11.455883043478263
2020-09-18,7.882135833333333
2020-09-19,9.47995875
2020-09-20,11.0913025
2020-09-21,57.34030833333333
2020-09-22,103.57146666666667
2020-09-23,74.68311250000001
2020-09-24,55.0964
2020-09-25,36.45346875
2020-09-26,20.521890666666664
2020-09-28,30.765824666666667
2020-09-29,17.754829166666667
2020-09-30,17.46933041666667
2020-10-01,62.614804166666666
2020-10-02,51.117695833333336
2020-10-03,17.3855525
2020-10-04,25.12969652173913
2020-10-05,22.429266666666667
2020-10-06,19.472782916666667
2020-10-07,20.395965
2020-10-08,22.958553749999997
2020-10-09,14.817829130434783
2020-10-10,14.849133043478261
2020-10-11,15.947930416666667
2020-10-12,52.126135
2020-10-13,29.971165416666665
2020-10-14,8.963590416666667
2020-10-15,7.300394166666667
2020-10-16,6.889142499999999
2020-10-17,6.034679166666667
2020-10-18,5.69346375
2020-10-19,8.028147083333334
2020-10-20,21.310972500000002
2020-10-21,28.225523749999997
2020-10-22,26.007466250000004
2020-10-23,19.6412175
2020-10-24,13.477390833333333
2020-10-25,24.02674958333333
2020-10-26,30.544308695652173
2020-10-27,31.566975
2020-10-28,18.59674125
2020-10-29,16.08949375
2020-10-30,17.322795833333334
2020-10-31,16.48604217391304
2020-11-01,19.509913333333333
2020-11-02,32.931245833333335
2020-11-03,19.600691666666666
2020-11-04,19.960681739130436
2020-11-05,8.712515652173913
2020-11-06,5.861280833333333
2020-11-07,4.28237652173913
2020-11-08,17.105323333333335
2020-11-09,41.99985
2020-11-10,26.373050000000003
2020-11-11,32.58647916666667
2020-11-12,30.681408333333334
2020-11-13,23.373179583333336
2020-11-14,31.9807375
2020-11-15,26.03108333333333
2020-11-16,27.264195652173914
2020-11-17,16.04525125
2020-11-18,6.491442083333333
2020-11-19,10.332773333333334
2020-11-20,11.380650833333334
2020-11-21,5.122613333333333
2020-11-22,4.7381737500000005
2020-11-23,9.127117083333333
2020-11-24,8.80163875
2020-11-25,25.56106826086957
2020-11-26,28.03737260869565
2020-11-27,6.316882916666667
2020-11-28,5.433848260869565
2020-11-29,10.264869583333335
2020-11-30,7.729598333333333
2020-12-01,32.7642125
2020-12-02,30.663070833333332
2020-12-03,26.946970833333335
2020-12-04,16.913879166666668
2020-12-05,22.290429583333335
2020-12-06,15.525800416666668
2020-12-07,24.278112500000002
2020-12-08,31.254600000000003
2020-12-09,32.46516956521739
2020-12-10,18.626882608695652
2020-12-11,24.996910833333335
2020-12-12,11.2646575
2020-12-13,21.37540291666667
2020-12-14,30.1640775
2020-12-15,26.905441666666665
2020-12-16,19.645832083333335
2020-12-17,33.03897916666667
2020-12-18,24.60905409090909
2020-12-19,19.40686695652174
2020-12-20,15.8543825
2020-12-21,26.723203043478264
2020-12-22,18.23122916666667
2020-12-23,16.93435043478261
2020-12-24,7.938410416666667
2020-12-25,6.0219630434782605
2020-12-26,6.526239166666667
2020-12-27,6.784739565217392
2020-12-28,10.440025652173913
2020-12-29,20.837490416666665
2020-12-30,32.00792
2020-12-31,49.138
2021-01-01,26.6243
2021-01-02,24.804670833333333
2021-01-03,11.053575416666668
2021-01-04,6.3015791666666665
2021-01-05,4.12570875
2021-01-06,10.731280416666666
2021-01-07,17.31068625
2021-01-08,33.13562916666667
2021-01-09,14.156082499999998
2021-01-10,12.878220833333332
2021-01-11,5.927444583333333
2021-01-12,9.445648333333333
2021-01-13,12.836329999999998
2021-01-14,17.88822
2021-01-15,8.636239166666666
2021-01-16,7.081388333333333
2021-01-17,39.3171
2021-01-18,38.165179583333334
2021-01-19,71.2071625
2021-01-20,37.45279708333333
2021-01-21,34.571866666666665
2021-01-22,54.7772125
2021-01-23,17.394525833333333
2021-01-24,5.904710416666667
2021-01-25,8.9319675
2021-01-26,6.239526666666666
2021-01-27,9.111966666666666
2021-01-28,21.270345
2021-01-29,10.075292500000002
2021-01-30,11.4081525
2021-01-31,8.662231666666667
2021-02-01,48.656979166666666
2021-02-02,50.48204583333333
2021-02-03,40.213458333333335
2021-02-04,6.72674875
2021-02-05,14.839929166666666
2021-02-06,22.925698333333333
2021-02-07,25.768716666666666
2021-02-08,14.997749166666667
2021-02-09,22.79538583333333
2021-02-10,31.99724875
2021-02-11,23.472944166666668
2021-02-12,7.2082925
2021-02-13,5.5746979166666675
2021-02-14,5.5423425
2021-02-15,37.78677375
2021-02-16,92.3037875
2021-02-17,74.1741
2021-02-18,68.27979583333332
2021-02-19,84.71405833333333
2021-02-20,64.86091708333333
2021-02-21,112.15671250000001
2021-02-22,111.59150416666667
2021-02-23,102.89726666666667
2021-02-24,50.90133333333333
2021-02-25,57.8770625
2021-02-26,17.056078333333335
2021-02-27,7.300765000000001
2021-02-28,12.68078
2021-03-01,17.332909166666667
2021-03-02,17.828422916666668
2021-03-03,61.59348333333333
2021-03-04,21.40870875
2021-03-05,8.778789583333333
2021-03-06,16.914900833333334
2021-03-07,6.693758750000001
2021-03-08,7.6531304166666665
2021-03-09,40.671645833333336
2021-03-10,81.615225
2021-03-11,84.80879583333333
2021-03-12,15.115453333333335
2021-03-13,12.92937125
2021-03-14,5.253667916666667
2021-03-15,16.12911
2021-03-16,52.635191666666664
2021-03-17,6.509150833333333
2021-03-18,8.045188333333334
2021-03-19,5.904459166666666
2021-03-20,7.383539166666666
2021-03-21,6.9172225
2021-03-22,8.684527083333334
2021-03-23,17.392841666666666
2021-03-24,37.64511541666666
2021-03-25,69.545275
2021-03-26,116.54285625
2021-03-29,19.809066666666666
2021-03-30,12.342664583333333
2021-03-31,33.857499999999995
2021-04-01,71.20068791666667
2021-04-02,13.714638333333333
2021-04-03,7.2284875
2021-04-04,9.30704875
2021-04-05,13.775999166666667
2021-04-06,9.243852916666667
2021-04-07,12.51243125
2021-04-08,12.320954583333332
2021-04-09,26.93760416666667
2021-04-10,12.735728333333334
2021-04-11,25.72106791666667
2021-04-12,24.137518749999998
2021-04-13,17.0315775
2021-04-14,8.875737916666667
2021-04-15,4.940261666666667
2021-04-16,7.039982916666666
2021-04-17,15.751770833333333
2021-04-18,20.932199999999998
2021-04-19,17.913970833333334
2021-04-20,35.24373333333333
2021-04-21,42.79737083333333
2021-04-22,16.438319583333335
2021-04-23,10.904452083333332
2021-04-24,10.958482916666666
2021-04-25,9.33521625
2021-04-26,9.224469583333333
2021-04-27,13.620941250000001
2021-04-28,26.455816666666667
2021-04-29,36.78020416666667
2021-04-30,16.486784166666666
2021-05-01,7.5006175
2021-05-02,8.438079166666666
2021-05-03,8.415840833333332
2021-05-04,20.174462916666666
2021-05-05,11.510067916666666
2021-05-06,10.72218125
2021-05-07,15.844097916666668
2021-05-08,10.702565833333333
2021-05-09,22.129375
2021-05-10,40.61622916666666
2021-05-11,29.961370833333334
2021-05-12,29.440404166666667
2021-05-13,17.503811666666667
2021-05-14,8.536639166666667
2021-05-15,16.239899166666667
2021-05-16,12.746694583333335
2021-05-17,9.7565875
2021-05-18,7.770876666666666
2021-05-19,9.2199475
2021-05-20,8.119394583333333
2021-05-21,12.686851249999998
2021-05-22,7.157045
2021-05-23,5.428157083333333
2021-05-24,12.022464166666667
2021-05-25,13.895348333333333
2021-05-26,10.837975
2021-05-27,12.850100833333334
2021-05-28,11.364999166666665
2021-05-29,6.648027083333333
2021-05-30,7.3206
2021-05-31,12.566925833333334
2021-06-01,11.595319166666668
2021-06-02,21.778816666666668
2021-06-03,14.844533333333333
2021-06-04,17.284475
2021-06-05,13.643238333333334
2021-06-06,11.975525416666665
2021-06-07,14.688293333333334
2021-06-08,18.508766666666666
2021-06-09,15.024735833333333
2021-06-10,12.951189999999999
2021-06-11,17.224329166666667
2021-06-12,12.609563333333334
2021-06-13,9.776692916666667
2021-06-14,14.559301666666668
2021-06-15,15.142062083333334
2021-06-16,9.711494583333334
2021-06-17,24.007447499999998
2021-06-18,29.282891666666668
2021-06-19,31.6338125
2021-06-20,28.64667916666667
2021-06-21,36.301125
2021-06-22,24.946694166666664
2021-06-23,12.812398333333334
2021-06-24,13.305198333333331
2021-06-25,11.534243333333334
2021-06-26,12.616882083333332
2021-06-27,10.443390833333334
2021-06-28,12.314039166666667
2021-06-29,14.268105833333331
2021-06-30,16.399020833333335
2021-07-01,15.481499583333333
2021-07-02,9.617442500000001
2021-07-03,12.368089583333335
2021-07-04,13.287838333333333
2021-07-05,9.7877675
2021-07-06,18.6475125
2021-07-07,16.226408333333335
2021-07-08,5.087469583333333
2021-07-09,13.44051125
2021-07-10,13.929678333333333
2021-07-11,11.461522083333334
2021-07-12,9.375143333333334
2021-07-13,18.450350416666666
2021-07-14,19.918258333333334
2021-07-15,19.893416666666667
2021-07-16,24.806749999999997
2021-07-17,9.7515125
2021-07-18,12.434255833333333
2021-07-19,10.634045416666666
2021-07-20,10.80373875
2021-07-21,9.097895
2021-07-22,12.898700416666665
2021-07-23,11.275382916666667
2021-07-24,8.303439166666667
2021-07-25,13.535611666666666
2021-07-26,27.05225
2021-07-27,22.982362499999997
2021-07-28,16.70493875
2021-07-29,12.7522
2021-07-30,16.408537916666667
2021-07-31,14.14759625
2021-08-01,6.514163333333333
2021-08-02,6.7667225
2021-08-03,6.039125416666667
2021-08-04,6.033862500000001
2021-08-05,5.469882083333332
2021-08-06,7.595385416666667
2021-08-07,6.046995416666667
2021-08-08,8.282774166666668
2021-08-09,8.343205
2021-08-10,14.755365833333334
2021-08-11,6.116629166666667
2021-08-12,7.176315416666667
2021-08-13,20.227224583333335
2021-08-14,12.436609583333334
2021-08-15,8.160192916666666
2021-08-16,15.927937083333333
2021-08-17,9.3159475
2021-08-18,10.977972083333334
2021-08-19,7.063060416666667
2021-08-20,9.399553333333333
2021-08-21,7.452848333333333
2021-08-22,7.893313333333334
2021-08-23,10.401613333333334
2021-08-24,6.955934583333334
2021-08-25,11.197169166666667
2021-08-26,5.651490833333334
2021-08-27,9.31029875
2021-08-28,16.229677916666667
2021-08-29,9.999673333333334
2021-08-30,11.063789583333334
2021-08-31,10.046604166666667
2021-09-01,7.27544875
2021-09-02,7.5801625
2021-09-03,10.868746250000001
2021-09-04,6.348687916666667
2021-09-05,8.556455416666667
2021-09-06,25.51535416666667
2021-09-07,40.2748
2021-09-08,25.1003375
2021-09-09,53.75157083333334
2021-09-10,57.75014166666667
2021-09-11,39.01525
2021-09-12,15.038382916666668
2021-09-13,11.799289166666666
2021-09-14,8.85832
2021-09-15,16.47381375
2021-09-16,22.7799375
2021-09-17,14.901967916666665
2021-09-18,7.284364583333333
2021-09-19,7.5350675
2021-09-20,9.30823125
2021-09-21,10.46227125
2021-09-22,11.496654583333333
2021-09-23,15.137999583333333
2021-09-24,8.236187916666667
2021-09-25,8.505557916666666
2021-09-26,11.574134583333333
2021-09-27,14.034644166666666
2021-09-28,21.087654166666667
2021-09-29,27.4521625
2021-09-30,20.948154583333334
2021-10-01,23.977720833333333
2021-10-02,27.0965125
2021-10-03,33.19517916666667
2021-10-04,28.546030416666667
2021-10-05,27.587930416666666
2021-10-06,31.780066666666666
2021-10-07,28.990291666666668
2021-10-08,40.755050000000004
2021-10-09,37.88056666666667
2021-10-10,41.53335833333333
2021-10-11,37.4271
2021-10-12,6.3092362500000005
2021-10-13,6.784746666666667
2021-10-14,11.244989166666668
2021-10-15,8.36197875
2021-10-16,6.68897625
2021-10-17,6.1901970833333335
2021-10-18,6.386845833333333
2021-10-19,33.642858333333336
2021-10-20,15.102347916666666
2021-10-21,9.294565
2021-10-22,3.6543616666666665
2021-10-23,4.459136666666667
2021-10-24,15.929543333333333
2021-10-25,30.4742625
2021-10-26,29.931916666666666
2021-10-27,14.010415
2021-10-28,19.846762083333335
2021-10-29,42.536629166666664
2021-10-30,44.9837375
2021-10-31,42.600458333333336
2021-11-01,33.31856666666667
2021-11-02,39.808616666666666
2021-11-03,19.038419166666667
2021-11-04,20.466762083333332
2021-11-05,5.185886956521739
2021-11-06,4.964003333333333
2021-11-07,7.465382083333334
2021-11-08,2.7933245833333333
2021-11-09,17.35075125
2021-11-10,33.201683333333335
2021-11-11,29.126515833333332
2021-11-12,25.118201666666664
2021-11-13,28.839362499999996
2021-11-14,22.035508333333336
2021-11-15,19.682620833333335
2021-11-16,28.907025
2021-11-17,28.749545833333332
2021-11-18,5.81819375
2021-11-19,3.8978725
2021-11-20,5.844115416666667
2021-11-21,3.8875212500000003
2021-11-22,5.7489187500000005
2021-11-23,13.497350416666668
2021-11-24,7.401350833333333
2021-11-25,13.88624125
2021-11-26,24.078177916666665
2021-11-27,28.2341125
2021-11-28,25.278279166666668
2021-11-29,9.886697083333333
2021-11-30,11.068962916666665
2021-12-01,13.77069375
2021-12-02,7.723901666666666
2021-12-03,7.71634
2021-12-04,13.013001666666668
2021-12-05,22.229650000000003
2021-12-06,6.084603333333334
2021-12-07,22.772795000000002
2021-12-08,28.429104166666665
2021-12-09,20.145920833333335
2021-12-10,22.28878333333333
2021-12-11,34.4274125
2021-12-12,35.23184583333333
2021-12-13,41.08945
2021-12-14,22.250270416666666
2021-12-15,10.670862083333333
2021-12-16,5.87702375
2021-12-17,4.382670833333333
2021-12-18,5.8309675
2021-12-19,3.842325833333333
2021-12-20,3.0452387499999998
2021-12-21,6.7100325000000005
2021-12-22,20.619622083333333
2021-12-23,30.009087500000003
2021-12-24,22.275152916666666
2021-12-25,5.65374625
2021-12-26,11.739113750000001
2021-12-27,47.07384583333334
2021-12-28,35.36399166666667
2021-12-29,35.23900833333334
2021-12-30,36.1374875
2021-12-31,5.5212304166666675
2022-01-01,4.43667
2022-01-02,9.329461666666667
2022-01-03,4.4509175
2022-01-04,15.931623333333334
2022-01-05,6.701377916666666
2022-01-06,5.065772083333333
2022-01-07,16.752190000000002
2022-01-08,18.518765416666664
2022-01-09,40.3965125
2022-01-10,42.861808333333336
2022-01-11,34.737225
2022-01-12,29.33710875
2022-01-13,4.2066675
2022-01-14,3.983400833333333
2022-01-15,6.723575833333334
2022-01-16,13.267327916666666
2022-01-17,4.213899166666667
2022-01-18,7.161690416666667
2022-01-19,14.27416375
2022-01-20,6.848321250000001
2022-01-21,3.8520358333333333
2022-01-22,4.259040833333334
2022-01-23,17.707484166666667
2022-01-24,8.26734125
2022-01-25,8.317566666666666
2022-01-26,6.827078333333333
2022-01-27,6.468061249999999
2022-01-28,3.30835375
2022-01-29,7.12754375
2022-01-30,3.847455
2022-01-31,6.62275
2022-02-01,11.750474583333334
2022-02-02,9.582039166666666
2022-02-03,14.710167916666668
2022-02-04,24.766424999999998
2022-02-05,6.111538333333333
2022-02-06,4.94358
2022-02-07,4.5633375
2022-02-08,4.807130833333333
2022-02-09,7.7854775
2022-02-10,8.265860416666667
2022-02-11,5.95036375
2022-02-12,7.4884525
2022-02-13,21.396525
2022-02-14,31.030670833333332
2022-02-15,30.581593333333334
2022-02-16,14.78655125
2022-02-17,3.5114854166666665
2022-02-18,8.577320833333333
2022-02-19,3.3704191666666667
2022-02-20,6.83026375
2022-02-21,4.634428333333333
2022-02-22,5.735866250000001
2022-02-23,14.086474166666667
2022-02-24,21.970012916666665
2022-02-25,8.42780375
2022-02-26,10.783818333333334
2022-02-27,3.8698191666666664
2022-02-28,44.12460416666667
2022-03-01,71.87145416666667
2022-03-02,74.20785
2022-03-03,9.786092916666666
2022-03-04,2.728763333333333
2022-03-05,6.665000833333333
2022-03-06,17.00562125
2022-03-07,6.2938462500000005
2022-03-08,17.414087916666666
2022-03-09,13.799682083333332
2022-03-10,19.602260833333332
2022-03-11,50.30410416666667
2022-03-12,51.97515833333333
2022-03-13,74.34684166666666
2022-03-14,50.524225
2022-03-15,75.15424583333333
2022-03-16,24.343445833333334
2022-03-17,51.1367875
2022-03-18,47.2793625
2022-03-19,7.29739125
2022-03-20,29.498474583333333
2022-03-21,60.97168333333334
2022-03-22,135.95110833333334
2022-03-23,79.44765833333334
2022-03-24,43.02750416666667
2022-03-25,37.040075
2022-03-26,10.791599166666666
2022-03-27,12.483693333333333
2022-03-28,28.45509875
2022-03-29,10.706183750000001
2022-03-30,6.55420625
2022-03-31,11.154824583333331
2022-04-01,18.394220416666666
2022-04-02,8.274032083333333
2022-04-03,9.09461625
2022-04-04,32.97867083333333
2022-04-05,7.660897083333334
2022-04-06,11.359070000000001
2022-04-07,13.685109583333334
2022-04-08,6.830574583333334
2022-04-09,10.64586625
2022-04-10,8.20954875
2022-04-11,11.133215416666667
2022-04-12,17.533379166666666
2022-04-13,55.14351250000001
2022-04-14,78.3247875
2022-04-15,12.661191666666667
2022-04-16,4.751573333333334
2022-04-17,5.867582916666667
2022-04-18,7.448384166666667
2022-04-19,9.123644166666667
2022-04-20,8.926209166666666
2022-04-21,10.901353333333333
2022-04-22,13.406451739130434
2022-04-23,9.500454583333333
2022-04-24,8.793412083333333
2022-04-25,7.676842083333334
2022-04-26,15.180046249999998
2022-04-27,12.822913333333334
2022-04-28,9.064915833333332
2022-04-29,19.55655416666667
2022-04-30,19.9528225
2022-05-01,12.235572916666667
2022-05-02,14.752930833333332
2022-05-03,9.205620416666667
2022-05-04,17.286419166666665
2022-05-05,41.239866666666664
2022-05-06,18.947341666666667
2022-05-07,24.200297916666667
2022-05-08,8.74803375
2022-05-09,8.112612083333334
2022-05-10,50.65554583333333
2022-05-11,43.006191666666666
2022-05-12,19.653311249999998
2022-05-13,11.218575833333333
2022-05-14,10.795589999999999
2022-05-15,7.323965
2022-05-16,12.202390833333334
2022-05-17,5.627190833333334
2022-05-18,6.789096666666667
2022-05-19,52.16507083333334
2022-05-20,50.11425416666666
2022-05-21,15.185247916666667
2022-05-22,7.283462083333333
2022-05-23,10.608099166666667
2022-05-24,36.7154
2022-05-25,16.996530416666666
2022-05-26,11.646029166666667
2022-05-27,9.301115000000001
2022-05-28,4.949079583333334
2022-05-29,7.37426125
2022-05-30,11.367948695652174
2022-05-31,9.621480833333333
2022-06-01,11.268734583333334
2022-06-02,10.674531304347825
2022-06-03,11.060607083333332
2022-06-04,13.12417625
2022-06-05,9.71813875
2022-06-06,26.554558333333333
2022-06-07,24.811966666666667
2022-06-08,27.613733333333332
2022-06-09,29.07592916666667
2022-06-10,13.383057916666667
2022-06-11,10.372469166666667
2022-06-12,11.101903333333333
2022-06-13,8.709652499999999
2022-06-14,8.426632916666668
2022-06-15,8.8551175
2022-06-16,9.714698333333333
2022-06-17,9.115945416666667
2022-06-18,14.96975125
2022-06-19,9.308114999999999
2022-06-20,6.711629166666666
2022-06-21,6.453472916666667
2022-06-22,11.0395375
2022-06-23,13.493665416666666
2022-06-24,24.344070833333333
2022-06-25,25.878024999999997
2022-06-26,19.958479166666667
2022-06-27,33.2016125
2022-06-28,22.605717916666666
2022-06-29,9.302780833333333
2022-06-30,11.569989583333333
2022-07-01,22.562955833333334
2022-07-02,15.281709583333333
2022-07-03,9.521474583333333
2022-07-04,16.76053166666667
2022-07-05,12.360778333333334
2022-07-06,8.43850875
2022-07-07,7.371104166666666
2022-07-08,7.875341250000001
2022-07-09,10.252471250000001
2022-07-10,4.83527375
2022-07-11,4.507767916666666
2022-07-12,6.002362083333334
2022-07-13,10.75189125
2022-07-14,12.258536666666666
2022-07-15,9.11792625
2022-07-16,5.45718875
2022-07-17,6.161971666666666
2022-07-18,7.950669583333333
2022-07-19,20.649632916666665
2022-07-20,25.277458333333332
2022-07-21,34.59382173913043
2022-07-22,22.32977916666667
2022-07-23,11.398943333333333
2022-07-24,7.872222916666666
2022-07-25,21.531120833333333
2022-07-26,13.535368749999998
2022-07-27,8.073401666666667
2022-07-28,7.949039583333334
2022-07-29,6.91943875
2022-07-30,5.904777916666667
2022-07-31,5.977127916666666
2022-08-01,6.930247916666667
2022-08-02,11.455796666666666
2022-08-03,37.92959166666667
2022-08-04,44.007537500000005
2022-08-05,39.242554166666665
2022-08-06,6.7402066666666665
2022-08-07,6.47843125
2022-08-08,8.710554583333334
2022-08-09,8.1074775
2022-08-10,6.872265
2022-08-11,7.667538333333333
2022-08-12,12.560886666666667
2022-08-13,10.383340833333333
2022-08-14,14.386798333333333
2022-08-15,17.995125416666667
2022-08-16,24.9603125
2022-08-17,16.8032125
2022-08-18,29.895470833333334
2022-08-19,30.43173333333333
2022-08-20,22.539545833333335
2022-08-21,7.872690416666667
2022-08-22,7.012010416666667
2022-08-23,11.121555833333334
2022-08-24,12.199242083333333
2022-08-25,16.34703625
2022-08-26,21.9025125
2022-08-27,24.617116666666664
2022-08-28,19.4062825
2022-08-29,8.16658375
2022-08-30,4.230367083333333
2022-08-31,4.06438
2022-09-01,3.8749895833333334
2022-09-02,4.225881666666667
2022-09-03,6.731795833333333
2022-09-04,5.920535
2022-09-05,5.689965416666666
2022-09-06,6.703882083333333
2022-09-07,14.172265833333334
2022-09-08,15.014658333333335
2022-09-09,12.92706125
2022-09-10,17.002783333333333
2022-09-11,10.957471666666665
2022-09-12,7.2630187500000005
2022-09-13,16.806229583333334
2022-09-14,7.591517499999999
2022-09-15,8.978168333333334
2022-09-16,6.7892399999999995
2022-09-17,5.1455425
2022-09-18,5.11663
2022-09-19,4.568468333333334
2022-09-20,5.015445000000001
2022-09-21,4.346808333333334
2022-09-22,5.0641533333333335
2022-09-23,8.195161666666666
2022-09-24,23.983533333333337
2022-09-25,36.64570833333333
2022-09-26,30.08735833333333
2022-09-27,24.858491666666666
2022-09-28,14.369449166666667
2022-09-29,14.379079166666665
2022-09-30,22.443917083333332
2022-10-01,30.073946666666668
2022-10-02,5.558750833333334
2022-10-03,6.16928875
2022-10-04,6.9117500000000005
2022-10-05,17.904162916666667
2022-10-06,13.222859583333333
2022-10-07,17.876122916666667
2022-10-08,18.95679
2022-10-09,7.971915833333334
2022-10-10,32.304566666666666
2022-10-11,9.285292916666666
2022-10-12,9.027734166666667
2022-10-13,32.66605833333333
2022-10-14,46.800158333333336
2022-10-15,36.597575
2022-10-16,20.077075
2022-10-17,20.683197083333333
2022-10-18,7.20097375
2022-10-19,2.9487629166666665
2022-10-20,14.90601625
2022-10-21,28.061783333333334
2022-10-22,27.57423375
2022-10-23,17.407968333333333
2022-10-24,30.646283333333333
2022-10-25,10.254797916666666
2022-10-26,9.538852499999999
2022-10-27,28.512933333333333
2022-10-28,31.836695833333334
2022-10-29,14.961359583333333
2022-10-30,14.437079166666669
2022-10-31,30.431775000000002
2022-11-01,14.114064166666667
2022-11-02,11.9138625
2022-11-03,14.429564999999998
2022-11-04,16.3403375
2022-11-05,12.0498525
2022-11-06,14.504081304347824
2022-11-07,20.09374083333333
2022-11-08,14.779928750000002
2022-11-09,19.105275000000002
2022-11-10,9.588791666666667
2022-11-11,10.447892083333334
2022-11-12,6.664728749999999
2022-11-13,9.975707916666666
2022-11-14,19.179345833333333
2022-11-15,22.136683333333334
2022-11-16,7.77393375
2022-11-17,13.103830416666668
2022-11-18,12.07377304347826
2022-11-19,16.88679
2022-11-20,31.735479166666664
2022-11-21,36.05361666666666
2022-11-22,37.983804166666665
2022-11-23,23.490399999999998
2022-11-24,28.18937083333333
2022-11-25,39.28094166666667
2022-11-26,50.793125
2022-11-27,22.982305416666666
2022-11-28,27.660695833333335
2022-11-29,22.408933333333334
2022-11-30,25.5862
2022-12-01,17.141183333333334
2022-12-02,24.00797083333333
2022-12-03,27.3426
2022-12-04,23.95489166666667
2022-12-05,17.8145625
2022-12-06,28.3272
2022-12-07,7.8686445833333325
2022-12-08,13.046544583333334
2022-12-09,25.62946666666667
2022-12-10,26.580820833333334
2022-12-11,15.281985416666666
2022-12-12,4.9186379166666665
2022-12-13,6.503773750000001
2022-12-14,25.356016666666665
2022-12-15,60.985078260869564
2022-12-16,31.767891666666667
2022-12-17,16.62153208333333
2022-12-18,18.40669875
2022-12-19,28.556004166666668
2022-12-20,21.60945
2022-12-21,25.266208333333335
2022-12-22,19.282137916666667
2022-12-23,10.145146666666667
2022-12-24,10.989514166666666
2022-12-25,22.43584583333333
2022-12-26,12.965720833333334
2022-12-27,4.653391666666667
2022-12-28,10.148350833333334
2022-12-29,11.052518333333333
2022-12-30,9.715051666666666
2022-12-31,9.676135
2023-01-01,7.49288
2023-01-02,18.891841666666668
2023-01-03,3.5536825000000003
2023-01-04,12.550330416666666
2023-01-05,2.7178
2023-01-06,10.046265833333333
2023-01-07,19.647812916666666
2023-01-08,27.593054166666665
2023-01-09,30.46681666666667
2023-01-10,16.305341666666667
2023-01-11,17.830429166666665
2023-01-12,9.648302916666667
2023-01-13,6.0640525
2023-01-14,7.366130833333333
2023-01-15,5.7466454166666665
2023-01-16,12.038722916666666
2023-01-17,14.89315
2023-01-18,18.828227916666666
2023-01-19,33.20366958333333
2023-01-20,21.816241666666667
2023-01-21,6.317285000000001
2023-01-22,7.9125499999999995
2023-01-23,10.2410025
2023-01-24,13.959763333333333
2023-01-25,24.424591666666668
2023-01-26,25.086575
2023-01-27,12.269712499999999
2023-01-28,15.015153750000001
2023-01-29,6.486502916666667
2023-01-30,5.850513333333333
2023-01-31,4.6240875
2023-02-01,4.1286379166666665
2023-02-02,3.5916645833333334
2023-02-03,11.218033333333333
2023-02-04,5.300195833333333
2023-02-05,11.240079583333333
2023-02-06,11.11291
2023-02-07,11.469552499999999
2023-02-08,22.385408333333334
2023-02-09,31.2689125
2023-02-10,11.699051249999998
2023-02-11,7.9024125000000005
2023-02-12,6.930247916666667
2023-02-13,5.908815000000001
2023-02-14,9.031285833333333
2023-02-15,31.243420833333335
2023-02-16,50.59203333333334
2023-02-17,24.198049166666667
2023-02-18,9.21834125
2023-02-19,6.2221174999999995
2023-02-20,5.474774583333333
2023-02-21,10.285448333333333
2023-02-22,10.0675775
2023-02-23,35.11782083333333
2023-02-24,13.218544090909091
2023-02-25,6.750366666666667
2023-02-26,2.9585854166666667
2023-02-27,5.84388
2023-02-28,17.577251739130435
2023-03-01,10.018250416666666
2023-03-02,13.926158333333333
2023-03-03,11.095354166666667
2023-03-04,8.0986075
2023-03-05,4.986682083333333
2023-03-06,10.9457675
2023-03-07,29.308972916666665
2023-03-08,8.25195625
2023-03-09,16.638762500000002
2023-03-10,10.172830416666667
2023-03-11,5.688538333333334
2023-03-12,13.291032916666666
2023-03-13,19.751982083333335
2023-03-14,11.125570833333333
2023-03-15,8.380969583333334
2023-03-16,12.021949999999999
2023-03-17,32.82905833333333
2023-03-18,37.09169583333333
2023-03-19,56.16395
2023-03-20,31.76625
2023-03-21,13.003212083333333
2023-03-22,24.1331375
2023-03-23,13.242057083333334
2023-03-24,11.31257625
2023-03-25,11.364161666666666
2023-03-26,5.3039708333333335
2023-03-27,5.353554166666666
2023-03-28,7.463728636363637
2023-03-29,13.367692727272727
2023-03-30,31.0011875
2023-03-31,7.771646666666666
2023-04-01,5.28787875
2023-04-02,4.375319583333334
2023-04-03,4.967820416666666
2023-04-04,4.784755416666667
2023-04-05,10.749410416666668
2023-04-06,14.6334575
2023-04-07,12.38345125
2023-04-08,20.062883333333335
2023-04-09,9.887864166666667
2023-04-10,10.843766666666667
2023-04-11,44.29712333333333
2023-04-12,18.769564166666665
2023-04-13,31.932875
2023-04-14,21.476945833333332
2023-04-15,18.215697083333335
2023-04-16,9.967760833333333
2023-04-17,14.015365416666667
2023-04-18,13.070252083333335
2023-04-19,10.798515
2023-04-20,15.435458333333335
2023-04-21,11.143804583333333
2023-04-22,10.266722916666668
2023-04-23,39.9060125
2023-04-24,19.426078333333333
2023-04-25,10.35065625
2023-04-26,10.487343333333333
2023-04-27,9.650812083333333
2023-04-28,9.495519166666666
2023-04-29,23.2579875
2023-04-30,9.66906875
2023-05-01,17.364735
2023-05-02,24.23112
2023-05-03,9.75851625
2023-05-04,11.275131666666667
2023-05-05,8.18412375
2023-05-06,11.18892625
2023-05-07,11.6830725
2023-05-08,24.235861666666665
2023-05-09,32.03947083333333
2023-05-10,46.80205833333333
2023-05-11,32.14829583333333
2023-05-12,22.191475
2023-05-13,20.284370833333334
2023-05-14,17.503858333333334
2023-05-15,18.814504166666666
2023-05-16,11.295827916666667
2023-05-17,12.547138333333335
2023-05-18,5.330919583333333
2023-05-19,5.7655916666666664
2023-05-20,7.102557391304348
2023-05-21,12.26953625
2023-05-22,10.95478875
2023-05-23,26.4387875
2023-05-24,17.638695833333333
2023-05-25,19.0082
2023-05-26,15.620028333333332
2023-05-27,9.381012083333333
2023-05-28,15.346667916666668
2023-05-29,15.80514625
2023-05-30,11.983570416666666
2023-05-31,18.52190375
2023-06-01,20.480043333333334
2023-06-02,4.332616666666667
2023-06-03,6.575037916666666
2023-06-04,7.964212083333333
2023-06-05,13.321314166666667
2023-06-06,19.703902083333332
2023-06-07,10.4897525
2023-06-08,11.175038333333333
2023-06-09,10.678069583333333
2023-06-10,12.053195833333334
2023-06-11,12.211662500000001
2023-06-12,12.1424075
2023-06-13,14.170655416666667
2023-06-14,14.374722083333333
2023-06-15,11.428822083333332
2023-06-16,17.682189583333333
2023-06-17,14.512707083333334
2023-06-18,12.3245925
2023-06-19,27.567125
2023-06-20,14.337460416666666
2023-06-21,24.590183333333332
2023-06-22,12.874748333333335
2023-06-23,19.66811375
2023-06-24,12.166681666666667
2023-06-25,10.754218333333334
2023-06-26,12.04062375
2023-06-27,10.01892625
2023-06-28,6.853318333333333
2023-06-29,13.001877083333333
2023-06-30,11.018969166666666
2023-07-01,9.659300416666666
2023-07-02,10.795254166666666
2023-07-03,12.458552083333332
2023-07-04,14.511292916666667
2023-07-05,16.70643375
2023-07-06,10.4540275
2023-07-07,9.532180833333333
2023-07-08,8.107296666666667
2023-07-09,8.692105833333335
2023-07-10,7.721555833333333
2023-07-11,10.836197916666668
2023-07-12,25.110830833333335
2023-07-13,8.634560833333333
2023-07-14,8.48705625
2023-07-15,11.806864166666665
2023-07-16,14.303484583333335
2023-07-17,11.749544761904762
2023-07-18,7.9536404166666665
2023-07-19,8.924453333333334
2023-07-20,5.73224
2023-07-21,6.522524999999999
2023-07-22,6.830699166666666
2023-07-23,12.288122083333334
2023-07-24,11.1302075
2023-07-25,7.3542137499999995
2023-07-26,7.602437916666666
2023-07-27,9.143030833333333
2023-07-28,29.57009791666667
2023-07-29,10.691250833333333
2023-07-30,8.059756666666667
2023-07-31,8.543000833333332
2023-08-01,9.464672083333333
2023-08-02,15.865275416666668
2023-08-03,19.059573750000002
2023-08-04,6.509330833333333
2023-08-05,9.342139583333333
2023-08-06,9.903166666666666
2023-08-07,5.964573333333334
2023-08-08,8.44325
2023-08-09,6.943815833333333
2023-08-10,8.187605416666667
2023-08-11,9.179529166666667
2023-08-12,20.240512916666667
2023-08-13,17.227265833333334
2023-08-14,11.975224583333334
2023-08-15,20.585558333333335
2023-08-16,11.22219375
2023-08-17,6.3699275
2023-08-18,12.00869875
2023-08-19,18.205412499999998
2023-08-20,17.971827083333334
2023-08-21,9.724153750000001
2023-08-22,8.369427916666666
2023-08-23,9.639907916666667
2023-08-24,7.865502500000001
2023-08-25,21.5562625
2023-08-26,20.960640416666667
2023-08-27,8.53692125
2023-08-28,6.38711375
2023-08-29,6.782510416666667
2023-08-30,7.011392083333334
2023-08-31,6.876876666666667
2023-09-01,6.989354583333333
2023-09-02,6.904424166666666
2023-09-03,7.4039391666666665
2023-09-04,10.460265
2023-09-05,10.6607125
2023-09-06,10.335245833333333
2023-09-07,10.981835416666668
2023-09-08,16.585466666666665
2023-09-09,21.757170833333333
2023-09-10,23.023341666666667
2023-09-11,21.5979
2023-09-12,29.22899166666667
2023-09-13,22.109172083333334
2023-09-14,4.593762916666667
2023-09-15,7.1210625
2023-09-16,26.0052
2023-09-18,25.90903
2023-09-19,13.487042916666667
2023-09-20,10.471039166666666
2023-09-21,22.099283333333332
2023-09-22,13.130129583333334
2023-09-23,6.89788125
2023-09-24,5.4717512500000005
2023-09-25,9.025077083333334
2023-09-26,18.51370375
2023-09-27,28.0666375
2023-09-28,32.52697083333333
2023-09-29,29.209895833333334
2023-09-30,8.983243333333332
2023-10-01,5.6275249999999994
2023-10-02,10.645087916666666
2023-10-03,13.961203333333332
2023-10-04,3.2493129166666663
2023-10-05,4.067639583333333
2023-10-06,3.9798883333333333
2023-10-07,4.4948775
2023-10-08,3.0913125000000004
2023-10-09,8.191575833333333
2023-10-10,9.12306625
2023-10-11,11.44398125
2023-10-12,3.5408720833333334
2023-10-13,7.8715520833333334
2023-10-14,4.96586125
2023-10-15,2.6676029166666666
2023-10-16,3.9984266666666666
2023-10-17,4.313484782608696
2023-10-18,3.7407395833333332
2023-10-19,4.25936125
2023-10-20,4.919559583333333
2023-10-21,9.301608333333332
2023-10-22,17.628912500000002
2023-10-23,11.534341249999999
2023-10-24,20.047069166666667
2023-10-25,6.84882125
2023-10-26,4.484592083333333
2023-10-27,2.73706625
2023-10-28,5.850162083333333
2023-10-29,16.150065416666667
2023-10-30,12.850674166666666
2023-10-31,15.323054999999998
2023-11-01,11.2225725
2023-11-02,20.441158333333334
2023-11-03,11.051329583333334
2023-11-04,9.660662499999999
2023-11-05,17.436658333333334
2023-11-06,7.17411375
2023-11-07,6.664908333333333
2023-11-08,8.413045
2023-11-09,15.07862625
2023-11-10,24.407679166666668
2023-11-11,16.855648333333335
2023-11-12,7.402850833333333
2023-11-13,14.278913750000001
2023-11-14,19.422465217391306
2023-11-15,4.12797625
2023-11-16,12.73745875
2023-11-17,11.575543333333334
2023-11-18,16.0791425
2023-11-19,18.2859875
2023-11-20,11.633416666666667
2023-11-21,9.516233333333334
2023-11-22,13.790217916666668
2023-11-23,4.75678625
2023-11-24,3.851195
2023-11-25,3.997666666666667
2023-11-26,4.57197875
2023-11-27,10.366656666666666
2023-11-28,8.705415833333333
2023-11-29,19.260513333333332
2023-11-30,36.48237916666667
2023-12-01,10.142049166666666
2023-12-02,11.188684166666667
2023-12-03,10.206304166666667
2023-12-04,14.338175
2023-12-05,24.661
2023-12-06,21.794562499999998
2023-12-07,25.657070833333332
2023-12-08,28.253304166666666
2023-12-09,30.6268
2023-12-10,29.6562625
2023-12-11,31.958641666666665
2023-12-12,11.521029166666667
2023-12-13,9.6823625
2023-12-14,8.27409
2023-12-15,8.148279166666667
2023-12-16,4.633659583333333
2023-12-17,4.113467083333333
2023-12-18,3.2516995833333335
2023-12-19,4.14328375
2023-12-20,3.7492170833333334
2023-12-21,5.94479625
2023-12-22,3.0370375000000003
2023-12-23,4.56844875
2023-12-24,6.214438749999999
2023-12-25,4.1183145833333334
2023-12-26,3.8562508333333336
2023-12-27,5.487628333333333
2023-12-28,17.289795416666667
2023-12-29,5.871910416666666
2023-12-30,4.007467083333333
2023-12-31,10.535145833333333
2024-01-01,12.2256
2024-01-02,21.895833333333332
2024-01-03,13.0375
2024-01-04,11.195833333333333
2024-01-05,11.058333333333332
2024-01-06,10.170833333333333
2024-01-07,10.6
2024-01-08,18.916666666666668
2024-01-09,30.479166666666668
2024-01-10,9.983333333333333
2024-01-11,4.666666666666667
2024-01-12,5.320833333333334
2024-01-13,7.095833333333334
2024-01-14,4.083333333333333
2024-01-15,4.445833333333334
2024-01-16,17.8
2024-01-17,44.32083333333333
2024-01-18,24.358333333333334
2024-01-19,7.0625
2024-01-20,5.804166666666667
2024-01-21,17.154166666666665
2024-01-22,11.604166666666666
2024-01-23,6.229166666666667
2024-01-24,6.4125000000000005
2024-01-25,3.233333333333333
2024-01-26,9.7125
2024-01-27,4.125
2024-01-28,9.487499999999999
2024-01-29,27.316666666666666
2024-01-30,42.512499999999996
2024-01-31,15.6875
2024-02-01,7.620833333333334
2024-02-02,6.1499999999999995
2024-02-03,3.8375
2024-02-04,4.470833333333333
2024-02-05,4.145833333333333
2024-02-06,13.766666666666666
2024-02-07,3.733333333333333
2024-02-08,8.129166666666666
2024-02-09,21.837500000000002
2024-02-10,14.091666666666667
2024-02-11,18.725
2024-02-12,11.516666666666666
2024-02-13,6.845833333333334
2024-02-14,22.083333333333332
2024-02-15,27.05
2024-02-16,28.929166666666664
2024-02-17,4.929166666666666
2024-02-18,16.204166666666666
2024-02-19,22.429166666666664
2024-02-20,4.4875
2024-02-21,7.729166666666667
2024-02-22,18.745833333333334
2024-02-23,17.425
2024-02-24,15.995833333333332
2024-02-25,19.820833333333333
2024-02-26,24.037499999999998
2024-02-27,8.975
2024-02-28,7.8500000000000005
2024-02-29,17.120833333333334
2024-03-01,25.05
2024-03-02,28.504166666666666
2024-03-03,29.47083333333333
2024-03-04,17.629166666666666
2024-03-05,18.625
2024-03-06,15.708333333333334
2024-03-07,12.966666666666667
2024-03-08,14.1
2024-03-09,17.470833333333335
2024-03-10,20.758333333333333
2024-03-11,12.920833333333334
2024-03-12,25.079166666666666
2024-03-13,35.074999999999996
2024-03-14,29.054166666666664
2024-03-15,41.425000000000004
2024-03-16,18.9375
2024-03-17,4.1125
2024-03-18,3.1374999999999997
2024-03-19,10.054166666666667
2024-03-20,38.875
2024-03-21,35.03333333333333
2024-03-22,13.520833333333334
2024-03-23,7.554166666666667
2024-03-24,11.025
2024-03-25,22.09166666666667
2024-03-26,29.53333333333333
2024-03-27,27.508333333333336
2024-03-28,21.865000000000002
2024-03-29,25.495833333333334
2024-03-30,22.59166666666667
2024-03-31,58.50833333333333
2024-04-01,59.59583333333333
2024-04-02,9.383333333333333
2024-04-03,4.979166666666667
2024-04-04,19.741666666666667
2024-04-05,17.849999999999998
2024-04-06,13.920833333333334
2024-04-07,27.045833333333334
2024-04-08,38.69583333333333
2024-04-09,64.41666666666667
2024-04-10,17.650000000000002
2024-04-11,16.058333333333334
2024-04-12,12.720833333333333
2024-04-13,11.320833333333333
2024-04-14,18.712500000000002
2024-04-15,10.170833333333333
2024-04-16,10.741666666666667
2024-04-17,6.0874999999999995
2024-04-18,7.008333333333333
2024-04-19,14.512500000000001
2024-04-20,6.833333333333333
2024-04-21,4.925
2024-04-22,8.258333333333333
2024-04-23,18.016666666666666
2024-04-24,31.991666666666664
2024-04-25,20.666666666666668
2024-04-26,35.30416666666667
2024-04-27,38.19166666666667
2024-04-28,38.84782608695652
2024-04-29,17.89166666666667
2024-04-30,25.745833333333334
2024-05-01,31.541666666666668
2024-05-02,27.8
2024-05-03,24.125
2024-05-04,28.96666666666667
2024-05-05,19.224999999999998
2024-05-06,13.5375
2024-05-07,8.9125
2024-05-08,10.450000000000001
2024-05-09,21.045833333333334
2024-05-10,10.691666666666668
2024-05-11,4.5874999999999995
2024-05-12,6.795833333333333
2024-05-13,15.466666666666667
2024-05-14,11.275
2024-05-15,31.112499999999997
2024-05-16,53.979166666666664
2024-05-17,33.7125
2024-05-18,22.008333333333336
2024-05-19,24.6125
2024-05-20,17.879166666666666
2024-05-21,18.054166666666667
2024-05-22,19.833333333333332
2024-05-23,25.287499999999998
2024-05-24,14.575000000000001
2024-05-25,23.5125
2024-05-26,19.3875
2024-05-27,39.699999999999996
2024-05-28,37.458333333333336
2024-05-29,10.704166666666666
2024-05-30,15.258333333333333
2024-05-31,20.325
2024-06-01,20.229166666666668
2024-06-02,19.229166666666668
2024-06-03,23.28333333333333
2024-06-04,11.450000000000001
2024-06-05,18.5625
2024-06-06,13.041666666666666
2024-06-07,14.62
2024-06-08,17.5375
2024-06-09,12.045454545454545
2024-06-10,12.340909090909092
2024-06-11,13.236842105263158
2024-06-12,9.950000000000001
2024-06-13,9.895833333333334
2024-06-14,10.745833333333332
2024-06-15,14.6
2024-06-16,8.049999999999999
2024-06-17,17.133333333333333
2024-06-18,12.549999999999999
2024-06-19,9.370833333333334
2024-06-20,10.291666666666666
2024-06-21,15.725000000000001
2024-06-22,12.404166666666667
2024-06-23,7.379166666666666
2024-06-24,9.308333333333334
2024-06-25,11.137500000000001
2024-06-26,17.427272727272726
2024-06-27,18.979166666666668
2024-06-28,21.52916666666667
2024-06-29,7.220833333333332
2024-06-30,18.8
2024-07-01,6.854166666666667
2024-07-02,4.869565217391305
2024-07-03,7.133333333333333
2024-07-04,10.466666666666667
2024-07-05,8.070833333333333
2024-07-06,12.041666666666666
2024-07-07,6.741666666666667
2024-07-08,9.233333333333333
2024-07-09,7.3999999999999995
2024-07-10,18.333333333333332
2024-07-11,14.658333333333333
2024-07-12,9.541666666666666
2024-07-13,6.158333333333334
2024-07-14,10.075
2024-07-15,14.950000000000001
2024-07-16,17.95
2024-07-17,9.975
2024-07-18,8.054166666666667
2024-07-19,8.375
2024-07-20,8.7125
2024-07-21,8.841666666666667
2024-07-22,15.841666666666667
2024-07-23,6.654166666666666
2024-07-24,11.108333333333334
2024-07-25,7.879166666666666
2024-07-26,9.8125
2024-07-27,12.808333333333332
2024-07-28,6.533333333333334
2024-07-29,5.8875
2024-07-30,7.175
2024-07-31,7.8500000000000005
2024-08-01,6.6125
2024-08-02,6.479166666666667
2024-08-03,7.770833333333333
2024-08-04,10.237499999999999
2024-08-05,7.741666666666667
2024-08-06,8.4375
2024-08-07,10.866666666666667
2024-08-08,16.3625
2024-08-09,8.329166666666667
2024-08-10,6.970833333333334
2024-08-11,6.933333333333334
2024-08-12,7.254166666666666
2024-08-13,5.845833333333334
2024-08-14,12.754166666666668
2024-08-15,17.033333333333335
2024-08-16,17.360869565217392
2024-08-17,10.429166666666667
2024-08-18,7.154166666666668
2024-08-19,6.2375
2024-08-20,9.833333333333334
2024-08-21,11.783333333333333
2024-08-22,7.1000000000000005
2024-08-23,14.375
2024-08-24,13.7875
2024-08-25,16.216666666666665
2024-08-26,14.65
2024-08-27,18.6125
2024-08-28,17.004166666666666
2024-08-29,30.416666666666668
2024-08-30,31.558333333333334
2024-08-31,8.137500000000001
2024-09-01,8.9
2024-09-02,7.508333333333333
2024-09-03,12.795833333333334
2024-09-04,25.25
2024-09-05,20.870833333333334
2024-09-06,19.229166666666668
2024-09-07,26.025000000000002
2024-09-08,30.337500000000002
2024-09-09,39.583333333333336
2024-09-10,6.916666666666667
2024-09-11,11.091666666666667
2024-09-12,4.6625000000000005
2024-09-13,4.3125
2024-09-14,3.9875000000000003
2024-09-15,6.266666666666667
2024-09-16,24.587500000000002
2024-09-17,28.483333333333334
2024-09-18,17.666666666666668
2024-09-19,17.029166666666665
2024-09-20,22.15416666666667
2024-09-21,18.45
2024-09-22,17.349999999999998
2024-09-23,32.829166666666666
2024-09-24,38.170833333333334
2024-09-25,11.583333333333334
2024-09-26,17.383333333333333
2024-09-27,7.920833333333333
2024-09-28,4.741666666666666
2024-09-29,4.6000000000000005
2024-09-30,9.8375
2024-10-01,8.645833333333334
2024-10-02,11.154166666666667
2024-10-03,4.7124999999999995
2024-10-04,4.9624999999999995
2024-10-05,6.879166666666666
2024-10-06,7.670833333333333
2024-10-07,13.829166666666666
2024-10-08,20.245833333333334
2024-10-09,14.470833333333333
2024-10-10,11.816666666666668
2024-10-11,4.458333333333333
2024-10-12,10.4375
2024-10-13,7.545833333333333
2024-10-14,4.825
2024-10-15,5.3125
2024-10-16,14.283333333333333
2024-10-17,25.72083333333333
2024-10-18,21.45
2024-10-19,18.412499999999998
2024-10-20,23.53333333333333
2024-10-21,22.016666666666666
2024-10-22,18.479166666666668
2024-10-23,6.3374999999999995
2024-10-24,18.654166666666665
2024-10-25,32.625
2024-10-26,41.579166666666666
2024-10-27,33.09166666666667
2024-10-28,9.316666666666666
2024-10-29,15.204166666666666
2024-10-30,4.325
2024-10-31,5.870833333333334
2024-11-01,5.483333333333333
2024-11-02,4.0249999999999995
2024-11-03,4.25
2024-11-04,7.933333333333334
2024-11-05,22.704166666666666
2024-11-06,25.28333333333333
2024-11-07,14.429166666666667
2024-11-08,16.175
2024-11-09,18.158333333333335
2024-11-10,16.041666666666668
2024-11-11,16.070833333333333
2024-11-12,24.675
2024-11-13,22.358333333333334
2024-11-14,9.175
2024-11-15,5.2124999999999995
2024-11-16,7.245833333333334
2024-11-17,5.8875
2024-11-18,3.6374999999999997
2024-11-19,7.304166666666667
2024-11-20,4.095833333333333
2024-11-21,5.741666666666667
2024-11-22,9.941666666666666
2024-11-23,6.270833333333333
2024-11-24,19.479166666666668
2024-11-25,15.720833333333333
2024-11-26,18.3125
2024-11-27,17.504166666666666
2024-11-28,20.866666666666667
2024-11-29,5.1499999999999995
2024-11-30,11.716666666666667
2024-12-01,25.670833333333334
2024-12-02,24.907692307692308
2024-12-06,17.05
2024-12-07,23.974999999999998
2024-12-08,15.525
2024-12-09,7.133333333333333
2024-12-10,6.181818181818182
2024-12-11,7.429166666666667
2024-12-12,6.6125
2024-12-13,22.054166666666664
2024-12-14,23.983333333333334
2024-12-15,4.320833333333334
2024-12-16,3.795833333333333
2024-12-17,3.0454545454545454
2024-12-18,8.75
2024-12-19,5.695833333333333
2024-12-20,4.504166666666666
2024-12-21,6.8125
2024-12-22,8.095833333333333
2024-12-23,11.041666666666666
2024-12-24,21.933333333333334
2024-12-25,9.241666666666667
2024-12-26,6.075
2024-12-27,7.941666666666666
2024-12-28,7.954166666666667
2024-12-29,8.525
2024-12-30,5.558333333333334
2024-12-31,3.8
2025-01-01,11.4